Search_ID,Search_Date,Customer_ID,Search_Category,Search_Method,Matched,Recommended_Product
S00001,2026-06-03,C0156,Exterior,รูปภาพ,Yes,P020
S00002,2026-04-20,C0205,Engine,รูปภาพ,Yes,P008
S00003,2026-06-15,C0180,Cooling,รูปภาพ,Yes,P004
S00004,2026-05-18,C0038,Engine,รุ่นรถ,Yes,P017
S00005,2026-02-01,C0005,Electrical,รูปภาพ,Yes,P018
S00006,2026-08-24,C0132,AC,รูปภาพ,Yes,P008
S00007,2026-01-29,C0013,Engine,รูปภาพ,Yes,P007
S00008,2026-08-01,C0238,Exterior,รูปภาพ,Yes,P019
S00009,2026-09-19,C0214,Brake,คำค้นหา,Yes,P020
S00010,2026-02-12,C0235,Brake,ชื่ออะไหล่,Yes,P004
S00011,2026-07-12,C0092,AC,รูปภาพ,No,P007
S00012,2026-01-04,C0229,Brake,รูปภาพ,No,P013
S00013,2026-04-27,C0153,Exterior,รุ่นรถ,Yes,P011
S00014,2026-01-15,C0191,Engine,ชื่ออะไหล่,Yes,P002
S00015,2026-01-04,C0084,Exterior,ชื่ออะไหล่,Yes,P004
S00016,2026-04-09,C0108,Engine,รุ่นรถ,Yes,P011
S00017,2026-06-24,C0051,Suspension,ชื่ออะไหล่,Yes,P004
S00018,2026-09-30,C0247,AC,รูปภาพ,Yes,P013
S00019,2026-02-02,C0052,Electrical,ชื่ออะไหล่,Yes,P016
S00020,2026-04-05,C0175,Brake,รุ่นรถ,Yes,P017
S00021,2026-05-06,C0011,Suspension,คำค้นหา,Yes,P018
S00022,2026-09-15,C0003,Engine,ชื่ออะไหล่,Yes,P018
S00023,2026-02-26,C0210,Exterior,ชื่ออะไหล่,Yes,P007
S00024,2026-06-08,C0056,Exterior,คำค้นหา,Yes,P007
S00025,2026-07-10,C0246,AC,รูปภาพ,Yes,P005
S00026,2026-03-27,C0195,Engine,รูปภาพ,Yes,P004
S00027,2026-02-10,C0193,Exterior,ชื่ออะไหล่,Yes,P010
S00028,2026-02-13,C0019,Suspension,รูปภาพ,No,P015
S00029,2026-01-24,C0229,Engine,ชื่ออะไหล่,Yes,P005
S00030,2026-02-04,C0140,Suspension,รูปภาพ,Yes,P007
S00031,2026-04-19,C0195,Cooling,ชื่ออะไหล่,Yes,P015
S00032,2026-07-25,C0213,Engine,คำค้นหา,Yes,P005
S00033,2026-09-13,C0228,AC,ชื่ออะไหล่,Yes,P019
S00034,2026-01-04,C0246,Suspension,รุ่นรถ,No,P010
S00035,2026-01-01,C0235,Suspension,รูปภาพ,Yes,P019
S00036,2026-02-15,C0018,Suspension,รุ่นรถ,Yes,P014
S00037,2026-02-27,C0082,Engine,รูปภาพ,No,P005
S00038,2026-06-20,C0127,Engine,รูปภาพ,Yes,P014
S00039,2026-03-07,C0199,AC,รูปภาพ,Yes,P005
S00040,2026-03-07,C0008,AC,ชื่ออะไหล่,Yes,P013
S00041,2026-01-11,C0176,Brake,รูปภาพ,Yes,P006
S00042,2026-08-31,C0231,Electrical,รูปภาพ,Yes,P014
S00043,2026-05-13,C0076,Electrical,รูปภาพ,Yes,P018
S00044,2026-08-19,C0198,Suspension,ชื่ออะไหล่,Yes,P012
S00045,2026-09-03,C0111,Cooling,ชื่ออะไหล่,Yes,P016
S00046,2026-04-04,C0198,AC,รูปภาพ,No,P004
S00047,2026-01-05,C0101,Cooling,รูปภาพ,Yes,P017
S00048,2026-02-09,C0222,Exterior,ชื่ออะไหล่,No,P002
S00049,2026-05-02,C0066,Brake,ชื่ออะไหล่,Yes,P004
S00050,2026-03-26,C0147,Suspension,รูปภาพ,Yes,P011
S00051,2026-03-09,C0179,Electrical,รูปภาพ,Yes,P007
S00052,2026-02-26,C0237,Suspension,รูปภาพ,No,P006
S00053,2026-08-05,C0248,AC,รูปภาพ,Yes,P020
S00054,2026-04-14,C0100,AC,ชื่ออะไหล่,Yes,P011
S00055,2026-01-18,C0019,AC,รุ่นรถ,Yes,P017
S00056,2026-09-11,C0138,Cooling,รูปภาพ,No,P018
S00057,2026-04-09,C0171,Suspension,ชื่ออะไหล่,Yes,P006
S00058,2026-06-19,C0201,Suspension,รูปภาพ,Yes,P011
S00059,2026-01-16,C0001,Exterior,รูปภาพ,Yes,P002
S00060,2026-07-12,C0247,AC,รูปภาพ,Yes,P019
S00061,2026-05-04,C0053,Cooling,รูปภาพ,Yes,P016
S00062,2026-02-27,C0218,Suspension,รูปภาพ,Yes,P016
S00063,2026-02-22,C0068,Electrical,รุ่นรถ,Yes,P019
S00064,2026-03-13,C0198,Brake,รูปภาพ,Yes,P006
S00065,2026-03-31,C0015,Cooling,รูปภาพ,Yes,P009
S00066,2026-01-15,C0073,AC,รุ่นรถ,Yes,P007
S00067,2026-02-25,C0049,Exterior,รุ่นรถ,No,P016
S00068,2026-08-26,C0039,Electrical,ชื่ออะไหล่,Yes,P009
S00069,2026-06-09,C0170,Cooling,รูปภาพ,Yes,P011
S00070,2026-03-27,C0126,Engine,ชื่ออะไหล่,Yes,P016
S00071,2026-09-01,C0133,Engine,รูปภาพ,Yes,P015
S00072,2026-03-27,C0094,Cooling,รุ่นรถ,Yes,P006
S00073,2026-04-14,C0243,AC,รุ่นรถ,Yes,P018
S00074,2026-09-01,C0054,Engine,รูปภาพ,Yes,P015
S00075,2026-09-16,C0125,Cooling,รูปภาพ,Yes,P004
S00076,2026-07-25,C0007,Electrical,ชื่ออะไหล่,No,P002
S00077,2026-04-26,C0156,AC,ชื่ออะไหล่,Yes,P004
S00078,2026-08-11,C0195,Cooling,รูปภาพ,Yes,P006
S00079,2026-06-15,C0198,Cooling,ชื่ออะไหล่,Yes,P004
S00080,2026-01-20,C0175,Engine,รูปภาพ,Yes,P005
S00081,2026-03-18,C0200,AC,รูปภาพ,No,P016
S00082,2026-06-08,C0155,Cooling,รูปภาพ,Yes,P014
S00083,2026-09-27,C0184,Brake,ชื่ออะไหล่,Yes,P001
S00084,2026-07-02,C0149,Cooling,ชื่ออะไหล่,Yes,P009
S00085,2026-04-27,C0224,Electrical,รูปภาพ,Yes,P019
S00086,2026-03-22,C0160,Suspension,ชื่ออะไหล่,No,P017
S00087,2026-02-27,C0092,Electrical,รุ่นรถ,Yes,P012
S00088,2026-02-07,C0079,Electrical,คำค้นหา,No,P009
S00089,2026-04-18,C0075,Cooling,ชื่ออะไหล่,Yes,P011
S00090,2026-03-09,C0017,Suspension,รูปภาพ,Yes,P009
S00091,2026-05-28,C0216,Engine,รูปภาพ,Yes,P005
S00092,2026-07-08,C0035,Brake,รูปภาพ,Yes,P015
S00093,2026-03-29,C0136,Electrical,รุ่นรถ,Yes,P003
S00094,2026-03-22,C0102,Cooling,รูปภาพ,Yes,P003
S00095,2026-07-09,C0220,Suspension,รูปภาพ,Yes,P003
S00096,2026-04-23,C0146,Suspension,รูปภาพ,Yes,P009
S00097,2026-03-05,C0096,Suspension,รุ่นรถ,No,P014
S00098,2026-09-13,C0226,Brake,รุ่นรถ,Yes,P020
S00099,2026-04-20,C0108,Engine,คำค้นหา,Yes,P019
S00100,2026-07-08,C0246,Brake,รุ่นรถ,Yes,P016
S00101,2026-09-10,C0010,Exterior,ชื่ออะไหล่,Yes,P017
S00102,2026-08-01,C0220,Suspension,รุ่นรถ,Yes,P004
S00103,2026-05-15,C0074,Suspension,คำค้นหา,Yes,P013
S00104,2026-03-17,C0139,Engine,รูปภาพ,Yes,P002
S00105,2026-02-06,C0180,Engine,รูปภาพ,Yes,P007
S00106,2026-09-26,C0008,Electrical,รูปภาพ,Yes,P012
S00107,2026-01-12,C0050,Exterior,รูปภาพ,Yes,P007
S00108,2026-01-28,C0140,Brake,ชื่ออะไหล่,Yes,P005
S00109,2026-09-12,C0141,Electrical,รูปภาพ,Yes,P005
S00110,2026-09-08,C0111,Brake,ชื่ออะไหล่,Yes,P020
S00111,2026-07-25,C0166,AC,รุ่นรถ,Yes,P006
S00112,2026-07-12,C0051,Electrical,คำค้นหา,Yes,P008
S00113,2026-09-03,C0113,Exterior,ชื่ออะไหล่,Yes,P015
S00114,2026-05-14,C0017,Electrical,ชื่ออะไหล่,Yes,P015
S00115,2026-07-06,C0244,Electrical,รุ่นรถ,Yes,P007
S00116,2026-03-05,C0168,AC,รุ่นรถ,Yes,P001
S00117,2026-07-15,C0213,Cooling,รุ่นรถ,Yes,P008
S00118,2026-09-30,C0001,Brake,รุ่นรถ,Yes,P013
S00119,2026-02-01,C0146,Exterior,ชื่ออะไหล่,Yes,P011
S00120,2026-05-29,C0172,Brake,คำค้นหา,Yes,P009
S00121,2026-06-25,C0043,Exterior,รูปภาพ,Yes,P008
S00122,2026-01-02,C0050,Engine,รูปภาพ,Yes,P020
S00123,2026-05-05,C0107,Engine,คำค้นหา,Yes,P012
S00124,2026-08-18,C0057,AC,รูปภาพ,No,P020
S00125,2026-04-26,C0055,Electrical,ชื่ออะไหล่,Yes,P020
S00126,2026-01-06,C0074,Brake,ชื่ออะไหล่,No,P002
S00127,2026-02-09,C0155,Electrical,ชื่ออะไหล่,Yes,P011
S00128,2026-08-26,C0237,Exterior,รูปภาพ,Yes,P015
S00129,2026-05-29,C0164,Brake,รูปภาพ,Yes,P001
S00130,2026-06-13,C0014,Engine,รูปภาพ,Yes,P001
S00131,2026-01-15,C0108,AC,ชื่ออะไหล่,Yes,P013
S00132,2026-04-16,C0024,Brake,คำค้นหา,Yes,P011
S00133,2026-05-06,C0073,AC,รูปภาพ,Yes,P015
S00134,2026-02-02,C0161,Cooling,รูปภาพ,Yes,P007
S00135,2026-05-12,C0205,Cooling,ชื่ออะไหล่,No,P013
S00136,2026-02-20,C0181,Suspension,ชื่ออะไหล่,No,P001
S00137,2026-07-04,C0113,Engine,รูปภาพ,Yes,P003
S00138,2026-05-24,C0005,Engine,ชื่ออะไหล่,Yes,P005
S00139,2026-07-28,C0102,AC,รูปภาพ,Yes,P015
S00140,2026-02-16,C0231,Exterior,คำค้นหา,No,P016
S00141,2026-01-19,C0179,Cooling,รูปภาพ,Yes,P006
S00142,2026-03-19,C0162,Electrical,รูปภาพ,No,P001
S00143,2026-04-20,C0151,Exterior,ชื่ออะไหล่,Yes,P008
S00144,2026-01-01,C0207,Suspension,รุ่นรถ,Yes,P018
S00145,2026-09-05,C0143,Suspension,รูปภาพ,Yes,P016
S00146,2026-01-26,C0214,Electrical,รุ่นรถ,Yes,P017
S00147,2026-01-01,C0057,Suspension,รุ่นรถ,Yes,P016
S00148,2026-07-20,C0150,Electrical,รูปภาพ,No,P001
S00149,2026-05-14,C0090,Electrical,คำค้นหา,Yes,P007
S00150,2026-05-30,C0024,Exterior,รูปภาพ,Yes,P013
S00151,2026-08-09,C0007,Cooling,รูปภาพ,Yes,P010
S00152,2026-06-02,C0171,Suspension,รุ่นรถ,Yes,P002
S00153,2026-03-07,C0117,Engine,ชื่ออะไหล่,Yes,P007
S00154,2026-03-02,C0022,AC,รูปภาพ,Yes,P018
S00155,2026-07-08,C0168,Electrical,รูปภาพ,Yes,P019
S00156,2026-04-15,C0244,AC,ชื่ออะไหล่,Yes,P014
S00157,2026-02-21,C0019,AC,รุ่นรถ,Yes,P019
S00158,2026-03-16,C0237,AC,รูปภาพ,Yes,P008
S00159,2026-09-19,C0151,Engine,รูปภาพ,Yes,P020
S00160,2026-09-10,C0133,Cooling,รูปภาพ,Yes,P016
S00161,2026-05-23,C0078,Engine,คำค้นหา,No,P013
S00162,2026-06-08,C0034,Engine,รูปภาพ,Yes,P003
S00163,2026-09-27,C0073,Cooling,รูปภาพ,Yes,P002
S00164,2026-02-28,C0109,Engine,รูปภาพ,Yes,P007
S00165,2026-04-16,C0187,Suspension,รูปภาพ,Yes,P017
S00166,2026-05-11,C0062,Engine,รูปภาพ,Yes,P001
S00167,2026-07-13,C0147,Brake,ชื่ออะไหล่,Yes,P014
S00168,2026-02-22,C0104,Cooling,รูปภาพ,Yes,P004
S00169,2026-04-08,C0192,Electrical,ชื่ออะไหล่,Yes,P005
S00170,2026-05-22,C0015,Suspension,รูปภาพ,Yes,P011
S00171,2026-01-06,C0118,Electrical,รุ่นรถ,Yes,P009
S00172,2026-08-21,C0233,AC,รูปภาพ,Yes,P004
S00173,2026-03-05,C0242,Exterior,รูปภาพ,Yes,P006
S00174,2026-01-10,C0241,Cooling,รุ่นรถ,Yes,P001
S00175,2026-02-06,C0024,Electrical,รูปภาพ,Yes,P011
S00176,2026-06-08,C0084,Brake,ชื่ออะไหล่,Yes,P019
S00177,2026-03-28,C0143,Electrical,ชื่ออะไหล่,Yes,P013
S00178,2026-01-16,C0081,Brake,คำค้นหา,Yes,P014
S00179,2026-07-11,C0200,AC,ชื่ออะไหล่,Yes,P009
S00180,2026-08-30,C0061,Engine,รูปภาพ,Yes,P017
S00181,2026-02-15,C0040,Engine,รูปภาพ,Yes,P009
S00182,2026-09-03,C0182,Brake,รูปภาพ,Yes,P004
S00183,2026-05-26,C0056,Exterior,รูปภาพ,Yes,P003
S00184,2026-02-10,C0238,Suspension,คำค้นหา,Yes,P018
S00185,2026-03-04,C0097,Brake,รูปภาพ,No,P014
S00186,2026-08-05,C0081,Engine,คำค้นหา,No,P018
S00187,2026-01-27,C0141,Brake,รูปภาพ,Yes,P010
S00188,2026-01-25,C0207,Exterior,รูปภาพ,No,P020
S00189,2026-05-31,C0187,Cooling,รุ่นรถ,Yes,P003
S00190,2026-02-27,C0058,Electrical,รุ่นรถ,Yes,P010
S00191,2026-07-27,C0033,Engine,รูปภาพ,Yes,P007
S00192,2026-07-14,C0245,Electrical,รูปภาพ,Yes,P016
S00193,2026-05-18,C0175,Engine,รูปภาพ,Yes,P006
S00194,2026-09-03,C0025,Exterior,รุ่นรถ,Yes,P008
S00195,2026-07-03,C0205,Cooling,ชื่ออะไหล่,No,P011
S00196,2026-06-04,C0140,Suspension,ชื่ออะไหล่,Yes,P006
S00197,2026-05-26,C0182,Electrical,รุ่นรถ,Yes,P013
S00198,2026-08-30,C0119,Cooling,รูปภาพ,Yes,P002
S00199,2026-03-14,C0215,AC,รูปภาพ,Yes,P003
S00200,2026-05-08,C0240,Brake,รูปภาพ,Yes,P005
S00201,2026-09-16,C0149,Suspension,รูปภาพ,Yes,P015
S00202,2026-05-13,C0208,AC,รูปภาพ,Yes,P015
S00203,2026-02-21,C0220,Engine,ชื่ออะไหล่,Yes,P013
S00204,2026-09-07,C0230,Engine,รุ่นรถ,Yes,P002
S00205,2026-08-03,C0065,Exterior,คำค้นหา,Yes,P008
S00206,2026-04-10,C0130,Suspension,คำค้นหา,Yes,P016
S00207,2026-08-20,C0145,AC,รูปภาพ,Yes,P002
S00208,2026-07-30,C0023,Cooling,รูปภาพ,Yes,P003
S00209,2026-01-31,C0091,Cooling,คำค้นหา,Yes,P014
S00210,2026-06-11,C0156,Suspension,รูปภาพ,Yes,P001
S00211,2026-02-16,C0006,Brake,รูปภาพ,Yes,P009
S00212,2026-05-21,C0092,Electrical,รุ่นรถ,Yes,P005
S00213,2026-05-14,C0233,Suspension,ชื่ออะไหล่,Yes,P016
S00214,2026-08-23,C0197,Cooling,รูปภาพ,Yes,P002
S00215,2026-09-07,C0158,Cooling,รูปภาพ,Yes,P009
S00216,2026-08-23,C0131,Suspension,รูปภาพ,No,P018
S00217,2026-08-06,C0243,Suspension,รุ่นรถ,Yes,P001
S00218,2026-09-24,C0036,Engine,รูปภาพ,Yes,P019
S00219,2026-06-01,C0207,Exterior,รูปภาพ,Yes,P007
S00220,2026-02-23,C0204,Cooling,ชื่ออะไหล่,Yes,P001
S00221,2026-02-20,C0181,Electrical,รูปภาพ,Yes,P015
S00222,2026-06-25,C0119,Cooling,ชื่ออะไหล่,No,P001
S00223,2026-09-10,C0084,Engine,รูปภาพ,Yes,P006
S00224,2026-07-08,C0197,AC,คำค้นหา,Yes,P013
S00225,2026-05-01,C0114,Cooling,ชื่ออะไหล่,Yes,P011
S00226,2026-03-06,C0246,AC,รุ่นรถ,Yes,P018
S00227,2026-03-26,C0053,Electrical,รูปภาพ,Yes,P019
S00228,2026-08-26,C0210,Electrical,คำค้นหา,Yes,P020
S00229,2026-07-09,C0137,Exterior,ชื่ออะไหล่,No,P019
S00230,2026-03-26,C0082,Electrical,ชื่ออะไหล่,Yes,P006
S00231,2026-05-22,C0041,AC,รุ่นรถ,Yes,P010
S00232,2026-04-19,C0159,Cooling,ชื่ออะไหล่,Yes,P015
S00233,2026-07-01,C0187,Suspension,ชื่ออะไหล่,Yes,P017
S00234,2026-05-03,C0075,Electrical,รูปภาพ,Yes,P007
S00235,2026-01-23,C0065,Engine,รูปภาพ,Yes,P016
S00236,2026-05-08,C0095,AC,รูปภาพ,Yes,P017
S00237,2026-08-13,C0030,Exterior,รูปภาพ,No,P017
S00238,2026-06-08,C0074,Brake,คำค้นหา,No,P008
S00239,2026-07-26,C0084,Electrical,รุ่นรถ,No,P017
S00240,2026-08-02,C0210,Engine,รุ่นรถ,No,P015
S00241,2026-08-01,C0010,Electrical,ชื่ออะไหล่,Yes,P013
S00242,2026-09-14,C0127,Exterior,ชื่ออะไหล่,Yes,P013
S00243,2026-02-07,C0120,Cooling,รูปภาพ,No,P003
S00244,2026-01-01,C0102,Engine,รูปภาพ,No,P011
S00245,2026-07-22,C0202,Exterior,รูปภาพ,Yes,P001
S00246,2026-03-27,C0017,Brake,รุ่นรถ,Yes,P011
S00247,2026-02-08,C0226,Suspension,คำค้นหา,No,P006
S00248,2026-02-17,C0214,Cooling,รูปภาพ,Yes,P011
S00249,2026-01-03,C0205,AC,รุ่นรถ,Yes,P011
S00250,2026-04-09,C0043,Engine,คำค้นหา,Yes,P011
S00251,2026-06-05,C0165,Electrical,ชื่ออะไหล่,Yes,P012
S00252,2026-09-28,C0124,Cooling,ชื่ออะไหล่,Yes,P012
S00253,2026-01-07,C0018,AC,รุ่นรถ,Yes,P020
S00254,2026-08-12,C0187,AC,รุ่นรถ,Yes,P002
S00255,2026-05-14,C0161,Cooling,ชื่ออะไหล่,Yes,P017
S00256,2026-09-26,C0143,AC,รูปภาพ,Yes,P013
S00257,2026-04-28,C0040,Engine,รูปภาพ,Yes,P018
S00258,2026-03-29,C0249,Electrical,รูปภาพ,Yes,P009
S00259,2026-07-10,C0015,Brake,รุ่นรถ,Yes,P005
S00260,2026-08-08,C0210,Electrical,รุ่นรถ,No,P019
S00261,2026-08-06,C0136,Suspension,คำค้นหา,Yes,P012
S00262,2026-01-18,C0125,AC,รูปภาพ,Yes,P016
S00263,2026-08-06,C0123,Cooling,รูปภาพ,Yes,P009
S00264,2026-06-11,C0009,Electrical,รูปภาพ,Yes,P017
S00265,2026-03-23,C0178,Suspension,คำค้นหา,Yes,P013
S00266,2026-01-01,C0198,Cooling,คำค้นหา,Yes,P007
S00267,2026-07-04,C0011,Suspension,รูปภาพ,Yes,P013
S00268,2026-07-29,C0086,Brake,ชื่ออะไหล่,No,P015
S00269,2026-06-08,C0001,Brake,รูปภาพ,Yes,P007
S00270,2026-07-06,C0069,Suspension,รุ่นรถ,Yes,P011
S00271,2026-06-17,C0158,Brake,รูปภาพ,Yes,P016
S00272,2026-07-28,C0174,AC,รุ่นรถ,No,P015
S00273,2026-08-06,C0233,Suspension,รูปภาพ,Yes,P012
S00274,2026-05-16,C0130,Suspension,คำค้นหา,Yes,P008
S00275,2026-04-13,C0202,Engine,รูปภาพ,Yes,P012
S00276,2026-05-20,C0026,Exterior,รุ่นรถ,Yes,P014
S00277,2026-01-24,C0135,Cooling,ชื่ออะไหล่,Yes,P011
S00278,2026-03-24,C0221,Electrical,รุ่นรถ,Yes,P009
S00279,2026-08-11,C0124,AC,รุ่นรถ,No,P001
S00280,2026-03-27,C0218,Exterior,รูปภาพ,Yes,P014
S00281,2026-03-15,C0098,Brake,ชื่ออะไหล่,Yes,P002
S00282,2026-04-18,C0140,Brake,ชื่ออะไหล่,Yes,P001
S00283,2026-01-20,C0063,Suspension,รุ่นรถ,Yes,P013
S00284,2026-07-15,C0059,AC,รุ่นรถ,Yes,P012
S00285,2026-06-11,C0133,AC,รุ่นรถ,Yes,P011
S00286,2026-01-29,C0173,Engine,รุ่นรถ,Yes,P010
S00287,2026-06-29,C0128,AC,รุ่นรถ,Yes,P018
S00288,2026-07-11,C0045,Cooling,รุ่นรถ,Yes,P009
S00289,2026-08-30,C0155,Cooling,รูปภาพ,Yes,P019
S00290,2026-03-09,C0029,Engine,คำค้นหา,Yes,P009
S00291,2026-09-16,C0156,AC,ชื่ออะไหล่,Yes,P004
S00292,2026-02-10,C0172,Cooling,รุ่นรถ,Yes,P006
S00293,2026-05-23,C0175,Electrical,คำค้นหา,Yes,P003
S00294,2026-06-20,C0149,Electrical,คำค้นหา,Yes,P001
S00295,2026-04-19,C0106,Brake,ชื่ออะไหล่,Yes,P005
S00296,2026-03-20,C0049,Cooling,รูปภาพ,Yes,P009
S00297,2026-01-21,C0232,Engine,รูปภาพ,Yes,P017
S00298,2026-03-22,C0066,Brake,คำค้นหา,Yes,P008
S00299,2026-04-03,C0229,Electrical,ชื่ออะไหล่,Yes,P009
S00300,2026-03-18,C0145,Suspension,รูปภาพ,No,P005
S00301,2026-06-03,C0199,Brake,ชื่ออะไหล่,Yes,P018
S00302,2026-06-26,C0141,AC,คำค้นหา,No,P001
S00303,2026-09-06,C0073,Electrical,ชื่ออะไหล่,Yes,P002
S00304,2026-09-20,C0199,Suspension,ชื่ออะไหล่,Yes,P016
S00305,2026-06-07,C0120,Electrical,ชื่ออะไหล่,Yes,P016
S00306,2026-04-24,C0048,Suspension,รูปภาพ,Yes,P011
S00307,2026-08-18,C0040,Brake,รุ่นรถ,Yes,P002
S00308,2026-06-14,C0204,Brake,รูปภาพ,Yes,P017
S00309,2026-02-11,C0235,Electrical,รุ่นรถ,Yes,P014
S00310,2026-09-05,C0097,Electrical,รุ่นรถ,Yes,P013
S00311,2026-02-12,C0039,Engine,รุ่นรถ,Yes,P010
S00312,2026-07-04,C0078,Exterior,คำค้นหา,Yes,P008
S00313,2026-07-06,C0038,Exterior,รูปภาพ,Yes,P014
S00314,2026-09-03,C0084,Electrical,ชื่ออะไหล่,No,P008
S00315,2026-05-01,C0164,Engine,รูปภาพ,Yes,P020
S00316,2026-03-03,C0080,Electrical,ชื่ออะไหล่,Yes,P017
S00317,2026-04-15,C0228,AC,รูปภาพ,Yes,P011
S00318,2026-07-07,C0012,Engine,รูปภาพ,Yes,P011
S00319,2026-01-13,C0239,Exterior,รูปภาพ,No,P002
S00320,2026-04-07,C0228,Cooling,รูปภาพ,Yes,P016
S00321,2026-01-29,C0169,Engine,ชื่ออะไหล่,Yes,P016
S00322,2026-05-06,C0180,Exterior,คำค้นหา,Yes,P017
S00323,2026-02-14,C0068,Electrical,รูปภาพ,Yes,P004
S00324,2026-07-09,C0163,Engine,คำค้นหา,Yes,P008
S00325,2026-05-29,C0187,AC,คำค้นหา,Yes,P005
S00326,2026-01-01,C0110,Exterior,รุ่นรถ,Yes,P011
S00327,2026-04-28,C0168,AC,รุ่นรถ,Yes,P014
S00328,2026-04-25,C0141,Brake,คำค้นหา,Yes,P018
S00329,2026-09-09,C0071,Suspension,รูปภาพ,Yes,P002
S00330,2026-05-13,C0031,AC,รูปภาพ,Yes,P020
S00331,2026-06-14,C0158,Cooling,รูปภาพ,Yes,P003
S00332,2026-09-23,C0075,Engine,รูปภาพ,Yes,P011
S00333,2026-02-03,C0118,Engine,รูปภาพ,Yes,P003
S00334,2026-09-18,C0124,Electrical,รุ่นรถ,Yes,P013
S00335,2026-07-15,C0090,Electrical,รูปภาพ,Yes,P015
S00336,2026-02-08,C0056,Cooling,คำค้นหา,Yes,P017
S00337,2026-05-02,C0150,AC,รุ่นรถ,Yes,P015
S00338,2026-08-17,C0113,AC,ชื่ออะไหล่,Yes,P002
S00339,2026-05-04,C0191,AC,รูปภาพ,No,P013
S00340,2026-09-08,C0085,Cooling,รูปภาพ,Yes,P016
S00341,2026-02-17,C0002,Exterior,รูปภาพ,Yes,P011
S00342,2026-01-08,C0140,Brake,รูปภาพ,Yes,P003
S00343,2026-02-13,C0073,Engine,รูปภาพ,Yes,P009
S00344,2026-08-23,C0202,Brake,รูปภาพ,Yes,P010
S00345,2026-05-11,C0045,Engine,ชื่ออะไหล่,Yes,P006
S00346,2026-05-10,C0121,Electrical,รูปภาพ,No,P016
S00347,2026-09-17,C0159,Brake,รูปภาพ,Yes,P015
S00348,2026-01-16,C0021,Cooling,รูปภาพ,No,P020
S00349,2026-02-21,C0025,Suspension,รุ่นรถ,Yes,P018
S00350,2026-09-25,C0054,Brake,คำค้นหา,Yes,P004
S00351,2026-06-18,C0027,Brake,รูปภาพ,Yes,P016
S00352,2026-01-24,C0136,Electrical,ชื่ออะไหล่,Yes,P008
S00353,2026-05-10,C0166,Suspension,รุ่นรถ,Yes,P020
S00354,2026-05-19,C0074,Electrical,รูปภาพ,Yes,P009
S00355,2026-05-20,C0100,Cooling,ชื่ออะไหล่,Yes,P006
S00356,2026-04-22,C0075,Suspension,ชื่ออะไหล่,Yes,P001
S00357,2026-03-06,C0150,Electrical,ชื่ออะไหล่,Yes,P012
S00358,2026-02-07,C0045,Exterior,รูปภาพ,Yes,P002
S00359,2026-05-02,C0111,Cooling,รุ่นรถ,Yes,P012
S00360,2026-04-10,C0215,Electrical,รูปภาพ,Yes,P003
S00361,2026-08-01,C0154,Exterior,รูปภาพ,Yes,P018
S00362,2026-09-19,C0030,Suspension,คำค้นหา,Yes,P001
S00363,2026-08-21,C0222,AC,รูปภาพ,Yes,P017
S00364,2026-08-01,C0160,Cooling,รูปภาพ,Yes,P004
S00365,2026-08-21,C0140,Electrical,รูปภาพ,Yes,P003
S00366,2026-06-10,C0177,Electrical,คำค้นหา,Yes,P004
S00367,2026-09-26,C0058,Exterior,ชื่ออะไหล่,Yes,P017
S00368,2026-02-04,C0092,Exterior,รูปภาพ,Yes,P014
S00369,2026-05-20,C0176,Brake,รุ่นรถ,Yes,P016
S00370,2026-06-28,C0043,AC,รูปภาพ,Yes,P006
S00371,2026-09-08,C0126,Brake,รูปภาพ,Yes,P017
S00372,2026-03-25,C0031,Electrical,ชื่ออะไหล่,Yes,P004
S00373,2026-01-16,C0008,Exterior,คำค้นหา,Yes,P001
S00374,2026-08-30,C0173,Exterior,รูปภาพ,Yes,P002
S00375,2026-02-12,C0017,Engine,ชื่ออะไหล่,Yes,P014
S00376,2026-08-02,C0240,Suspension,รูปภาพ,Yes,P004
S00377,2026-09-06,C0202,Suspension,รุ่นรถ,No,P004
S00378,2026-05-03,C0174,AC,รุ่นรถ,Yes,P015
S00379,2026-01-09,C0103,Brake,รุ่นรถ,Yes,P013
S00380,2026-05-02,C0152,Electrical,รูปภาพ,Yes,P008
S00381,2026-06-16,C0070,AC,รูปภาพ,Yes,P005
S00382,2026-05-25,C0064,Suspension,รูปภาพ,Yes,P003
S00383,2026-06-30,C0159,Electrical,รุ่นรถ,No,P019
S00384,2026-06-13,C0129,AC,รุ่นรถ,Yes,P008
S00385,2026-07-05,C0177,Brake,รุ่นรถ,Yes,P008
S00386,2026-04-27,C0122,Exterior,รุ่นรถ,Yes,P011
S00387,2026-02-26,C0166,Exterior,ชื่ออะไหล่,Yes,P019
S00388,2026-08-04,C0057,Suspension,รูปภาพ,Yes,P019
S00389,2026-09-16,C0090,Engine,รูปภาพ,Yes,P009
S00390,2026-06-07,C0137,AC,ชื่ออะไหล่,Yes,P018
S00391,2026-03-03,C0149,Suspension,รุ่นรถ,Yes,P012
S00392,2026-06-07,C0100,Exterior,รูปภาพ,Yes,P005
S00393,2026-04-17,C0227,Electrical,รูปภาพ,Yes,P013
S00394,2026-07-14,C0211,Brake,รูปภาพ,Yes,P015
S00395,2026-07-15,C0131,Suspension,รูปภาพ,Yes,P014
S00396,2026-05-12,C0089,Engine,รูปภาพ,Yes,P014
S00397,2026-01-13,C0055,AC,รุ่นรถ,Yes,P009
S00398,2026-01-09,C0011,AC,รูปภาพ,Yes,P002
S00399,2026-09-09,C0215,Suspension,รูปภาพ,Yes,P003
S00400,2026-04-02,C0012,Cooling,รุ่นรถ,Yes,P018
S00401,2026-04-18,C0199,Exterior,รุ่นรถ,Yes,P002
S00402,2026-09-13,C0122,Engine,คำค้นหา,Yes,P011
S00403,2026-06-19,C0237,AC,คำค้นหา,Yes,P005
S00404,2026-08-27,C0087,Cooling,ชื่ออะไหล่,Yes,P013
S00405,2026-06-11,C0086,Engine,รูปภาพ,Yes,P013
S00406,2026-05-06,C0051,Electrical,รูปภาพ,Yes,P010
S00407,2026-06-19,C0034,Engine,ชื่ออะไหล่,Yes,P018
S00408,2026-01-10,C0120,Brake,รุ่นรถ,Yes,P020
S00409,2026-07-24,C0107,Brake,รุ่นรถ,Yes,P017
S00410,2026-06-25,C0159,Brake,รุ่นรถ,Yes,P013
S00411,2026-03-18,C0167,Engine,รุ่นรถ,No,P013
S00412,2026-06-28,C0066,Engine,รุ่นรถ,Yes,P002
S00413,2026-07-18,C0223,Electrical,รุ่นรถ,Yes,P005
S00414,2026-07-01,C0141,Engine,รูปภาพ,No,P003
S00415,2026-01-21,C0188,Electrical,รุ่นรถ,Yes,P020
S00416,2026-03-18,C0101,Suspension,รูปภาพ,Yes,P019
S00417,2026-04-14,C0098,AC,รุ่นรถ,Yes,P018
S00418,2026-08-28,C0107,AC,รูปภาพ,Yes,P004
S00419,2026-07-24,C0191,Electrical,รุ่นรถ,Yes,P016
S00420,2026-09-15,C0087,Electrical,รูปภาพ,Yes,P019
S00421,2026-02-24,C0221,Electrical,รูปภาพ,Yes,P015
S00422,2026-03-17,C0230,Cooling,รูปภาพ,Yes,P013
S00423,2026-01-13,C0085,Exterior,รูปภาพ,Yes,P010
S00424,2026-08-15,C0189,Suspension,ชื่ออะไหล่,Yes,P003
S00425,2026-04-07,C0157,Electrical,รูปภาพ,Yes,P018
S00426,2026-02-19,C0009,Cooling,รูปภาพ,Yes,P009
S00427,2026-01-05,C0081,AC,รุ่นรถ,Yes,P012
S00428,2026-02-27,C0004,Electrical,รุ่นรถ,Yes,P014
S00429,2026-08-17,C0201,Exterior,รูปภาพ,Yes,P018
S00430,2026-07-27,C0081,Electrical,รูปภาพ,Yes,P008
S00431,2026-05-27,C0128,AC,รูปภาพ,No,P011
S00432,2026-08-13,C0133,AC,รูปภาพ,Yes,P007
S00433,2026-08-03,C0225,Engine,ชื่ออะไหล่,Yes,P015
S00434,2026-03-18,C0164,Brake,รูปภาพ,No,P019
S00435,2026-04-01,C0048,AC,รูปภาพ,Yes,P019
S00436,2026-04-03,C0102,Engine,คำค้นหา,No,P013
S00437,2026-08-20,C0186,Suspension,รูปภาพ,Yes,P004
S00438,2026-01-22,C0024,Brake,ชื่ออะไหล่,Yes,P013
S00439,2026-06-19,C0021,Electrical,รูปภาพ,Yes,P007
S00440,2026-05-22,C0056,Cooling,รูปภาพ,No,P007
S00441,2026-05-27,C0179,Exterior,รุ่นรถ,Yes,P014
S00442,2026-05-05,C0124,Exterior,คำค้นหา,Yes,P019
S00443,2026-07-22,C0149,AC,รูปภาพ,Yes,P001
S00444,2026-07-03,C0112,Electrical,ชื่ออะไหล่,Yes,P016
S00445,2026-08-13,C0065,Cooling,รูปภาพ,Yes,P020
S00446,2026-06-15,C0220,Cooling,ชื่ออะไหล่,Yes,P009
S00447,2026-07-15,C0183,Cooling,รุ่นรถ,Yes,P001
S00448,2026-07-11,C0148,AC,รูปภาพ,Yes,P003
S00449,2026-06-16,C0110,Suspension,รุ่นรถ,Yes,P011
S00450,2026-07-31,C0025,Brake,คำค้นหา,Yes,P017
S00451,2026-04-07,C0189,Cooling,ชื่ออะไหล่,Yes,P013
S00452,2026-02-19,C0153,AC,รุ่นรถ,No,P018
S00453,2026-09-24,C0241,Cooling,รุ่นรถ,Yes,P011
S00454,2026-07-03,C0035,Cooling,รูปภาพ,Yes,P012
S00455,2026-03-28,C0196,Brake,รูปภาพ,Yes,P017
S00456,2026-09-02,C0124,AC,ชื่ออะไหล่,Yes,P006
S00457,2026-01-12,C0080,Exterior,รูปภาพ,No,P020
S00458,2026-09-26,C0220,Exterior,รูปภาพ,Yes,P016
S00459,2026-01-26,C0215,Exterior,รูปภาพ,Yes,P006
S00460,2026-06-06,C0169,Engine,รุ่นรถ,Yes,P009
S00461,2026-07-13,C0250,Brake,รุ่นรถ,Yes,P002
S00462,2026-01-20,C0146,Exterior,รุ่นรถ,Yes,P005
S00463,2026-09-02,C0117,Exterior,รูปภาพ,Yes,P002
S00464,2026-07-22,C0159,Suspension,รูปภาพ,Yes,P011
S00465,2026-04-04,C0219,AC,รุ่นรถ,Yes,P009
S00466,2026-01-08,C0041,Electrical,รูปภาพ,Yes,P010
S00467,2026-02-11,C0242,AC,ชื่ออะไหล่,Yes,P002
S00468,2026-09-15,C0157,Electrical,รุ่นรถ,Yes,P020
S00469,2026-07-04,C0109,Electrical,คำค้นหา,Yes,P011
S00470,2026-04-29,C0080,Brake,รุ่นรถ,Yes,P016
S00471,2026-06-11,C0199,Cooling,รูปภาพ,Yes,P003
S00472,2026-07-06,C0214,Suspension,รูปภาพ,Yes,P013
S00473,2026-06-02,C0001,Engine,ชื่ออะไหล่,Yes,P013
S00474,2026-06-02,C0071,Brake,รุ่นรถ,Yes,P016
S00475,2026-02-23,C0241,Brake,รูปภาพ,Yes,P018
S00476,2026-07-08,C0165,Suspension,รูปภาพ,Yes,P020
S00477,2026-03-30,C0248,Electrical,ชื่ออะไหล่,Yes,P003
S00478,2026-07-29,C0006,Exterior,รูปภาพ,Yes,P007
S00479,2026-09-22,C0045,Engine,ชื่ออะไหล่,Yes,P019
S00480,2026-07-23,C0018,AC,รุ่นรถ,Yes,P010
S00481,2026-04-10,C0136,Engine,รูปภาพ,Yes,P015
S00482,2026-05-20,C0066,Cooling,ชื่ออะไหล่,Yes,P013
S00483,2026-08-07,C0239,Engine,รูปภาพ,Yes,P006
S00484,2026-01-15,C0240,Engine,รูปภาพ,Yes,P009
S00485,2026-03-24,C0223,Brake,รุ่นรถ,Yes,P018
S00486,2026-01-23,C0217,AC,ชื่ออะไหล่,Yes,P018
S00487,2026-08-04,C0166,Suspension,รุ่นรถ,No,P012
S00488,2026-03-08,C0020,AC,ชื่ออะไหล่,No,P003
S00489,2026-06-04,C0211,Suspension,รุ่นรถ,Yes,P002
S00490,2026-08-17,C0025,Electrical,ชื่ออะไหล่,Yes,P020
S00491,2026-03-22,C0171,Engine,รูปภาพ,Yes,P016
S00492,2026-08-06,C0072,Electrical,รุ่นรถ,Yes,P018
S00493,2026-08-03,C0128,Cooling,คำค้นหา,Yes,P012
S00494,2026-01-22,C0242,Engine,ชื่ออะไหล่,Yes,P018
S00495,2026-01-08,C0104,Electrical,ชื่ออะไหล่,No,P011
S00496,2026-07-29,C0059,Suspension,รูปภาพ,Yes,P018
S00497,2026-03-24,C0153,Cooling,คำค้นหา,No,P009
S00498,2026-05-13,C0244,AC,ชื่ออะไหล่,Yes,P013
S00499,2026-01-16,C0074,Cooling,คำค้นหา,Yes,P014
S00500,2026-01-10,C0243,AC,คำค้นหา,Yes,P017
S00501,2026-04-18,C0102,Cooling,ชื่ออะไหล่,Yes,P005
S00502,2026-08-16,C0239,Engine,รูปภาพ,Yes,P013
S00503,2026-08-22,C0030,Cooling,คำค้นหา,Yes,P003
S00504,2026-08-21,C0085,Cooling,รุ่นรถ,Yes,P020
S00505,2026-05-09,C0247,AC,รูปภาพ,Yes,P009
S00506,2026-05-19,C0181,Suspension,รุ่นรถ,Yes,P016
S00507,2026-05-31,C0180,Cooling,คำค้นหา,Yes,P008
S00508,2026-02-27,C0246,Cooling,ชื่ออะไหล่,Yes,P008
S00509,2026-04-08,C0163,Cooling,รูปภาพ,Yes,P018
S00510,2026-02-13,C0104,Exterior,ชื่ออะไหล่,Yes,P013
S00511,2026-06-19,C0102,Exterior,ชื่ออะไหล่,No,P004
S00512,2026-02-07,C0097,Exterior,ชื่ออะไหล่,Yes,P001
S00513,2026-02-11,C0156,Engine,ชื่ออะไหล่,Yes,P015
S00514,2026-09-07,C0088,Electrical,รูปภาพ,Yes,P019
S00515,2026-08-04,C0144,Engine,คำค้นหา,No,P014
S00516,2026-01-15,C0017,Engine,รุ่นรถ,No,P020
S00517,2026-01-17,C0068,Electrical,ชื่ออะไหล่,Yes,P012
S00518,2026-07-30,C0144,Engine,รูปภาพ,Yes,P012
S00519,2026-05-19,C0123,Exterior,รูปภาพ,Yes,P020
S00520,2026-02-24,C0076,Exterior,ชื่ออะไหล่,Yes,P011
S00521,2026-06-28,C0071,AC,รูปภาพ,No,P006
S00522,2026-07-18,C0121,AC,รูปภาพ,Yes,P006
S00523,2026-01-26,C0068,Engine,ชื่ออะไหล่,Yes,P009
S00524,2026-08-06,C0144,Electrical,รูปภาพ,Yes,P010
S00525,2026-01-18,C0140,Engine,รุ่นรถ,Yes,P019
S00526,2026-07-17,C0065,Electrical,รูปภาพ,Yes,P016
S00527,2026-01-28,C0234,AC,รูปภาพ,Yes,P003
S00528,2026-08-14,C0209,Suspension,รูปภาพ,Yes,P006
S00529,2026-02-18,C0025,Electrical,ชื่ออะไหล่,No,P013
S00530,2026-04-21,C0153,Brake,รุ่นรถ,Yes,P002
S00531,2026-02-22,C0149,Brake,รูปภาพ,Yes,P003
S00532,2026-03-22,C0165,Engine,คำค้นหา,Yes,P019
S00533,2026-08-07,C0080,Exterior,รุ่นรถ,No,P017
S00534,2026-09-15,C0188,Exterior,ชื่ออะไหล่,Yes,P014
S00535,2026-06-12,C0047,Electrical,รูปภาพ,Yes,P011
S00536,2026-05-18,C0141,Suspension,รูปภาพ,Yes,P010
S00537,2026-06-06,C0131,Exterior,รูปภาพ,Yes,P010
S00538,2026-01-02,C0012,Suspension,รุ่นรถ,Yes,P003
S00539,2026-07-07,C0016,Exterior,รุ่นรถ,Yes,P014
S00540,2026-01-30,C0044,Engine,ชื่ออะไหล่,Yes,P011
S00541,2026-06-08,C0062,Suspension,รุ่นรถ,Yes,P004
S00542,2026-07-30,C0056,Brake,รูปภาพ,Yes,P008
S00543,2026-03-23,C0036,Engine,รุ่นรถ,Yes,P013
S00544,2026-05-23,C0098,AC,รุ่นรถ,Yes,P013
S00545,2026-04-30,C0025,Cooling,รูปภาพ,Yes,P011
S00546,2026-05-20,C0243,Electrical,รุ่นรถ,Yes,P013
S00547,2026-09-10,C0087,AC,รูปภาพ,No,P011
S00548,2026-02-21,C0026,Suspension,ชื่ออะไหล่,No,P008
S00549,2026-04-02,C0095,AC,รูปภาพ,Yes,P008
S00550,2026-06-26,C0200,Brake,รุ่นรถ,Yes,P006
S00551,2026-08-22,C0224,Suspension,ชื่ออะไหล่,No,P016
S00552,2026-03-12,C0149,Cooling,ชื่ออะไหล่,Yes,P017
S00553,2026-01-29,C0091,Suspension,ชื่ออะไหล่,No,P019
S00554,2026-01-11,C0220,Suspension,รูปภาพ,No,P003
S00555,2026-04-09,C0041,AC,ชื่ออะไหล่,Yes,P007
S00556,2026-03-07,C0239,Cooling,ชื่ออะไหล่,Yes,P018
S00557,2026-06-11,C0093,Brake,รูปภาพ,Yes,P006
S00558,2026-09-30,C0100,Electrical,คำค้นหา,Yes,P015
S00559,2026-06-25,C0122,Suspension,ชื่ออะไหล่,Yes,P001
S00560,2026-01-27,C0167,Cooling,รุ่นรถ,Yes,P017
S00561,2026-07-09,C0098,Engine,คำค้นหา,Yes,P019
S00562,2026-02-08,C0176,AC,รูปภาพ,Yes,P003
S00563,2026-07-17,C0112,Exterior,ชื่ออะไหล่,Yes,P011
S00564,2026-04-11,C0080,Electrical,คำค้นหา,Yes,P007
S00565,2026-03-26,C0116,Brake,รูปภาพ,Yes,P002
S00566,2026-09-08,C0009,AC,รูปภาพ,Yes,P014
S00567,2026-09-03,C0032,Suspension,ชื่ออะไหล่,Yes,P004
S00568,2026-05-04,C0054,Suspension,รุ่นรถ,Yes,P002
S00569,2026-01-04,C0182,Exterior,รูปภาพ,Yes,P016
S00570,2026-05-10,C0017,Cooling,ชื่ออะไหล่,No,P018
S00571,2026-07-01,C0116,AC,รูปภาพ,Yes,P001
S00572,2026-07-14,C0081,AC,รูปภาพ,Yes,P013
S00573,2026-05-06,C0048,Brake,รูปภาพ,Yes,P010
S00574,2026-09-29,C0213,AC,รูปภาพ,Yes,P019
S00575,2026-08-12,C0182,Exterior,รูปภาพ,Yes,P014
S00576,2026-07-12,C0236,Exterior,ชื่ออะไหล่,Yes,P020
S00577,2026-06-30,C0217,AC,รูปภาพ,Yes,P012
S00578,2026-09-12,C0036,AC,รูปภาพ,Yes,P012
S00579,2026-06-22,C0144,Engine,รูปภาพ,Yes,P009
S00580,2026-07-11,C0246,Brake,ชื่ออะไหล่,Yes,P015
S00581,2026-07-28,C0167,AC,รูปภาพ,Yes,P012
S00582,2026-03-19,C0106,Engine,คำค้นหา,Yes,P004
S00583,2026-07-18,C0207,Suspension,รูปภาพ,Yes,P008
S00584,2026-08-15,C0166,Exterior,รูปภาพ,Yes,P014
S00585,2026-06-27,C0173,Electrical,ชื่ออะไหล่,Yes,P011
S00586,2026-07-30,C0030,Engine,คำค้นหา,No,P004
S00587,2026-02-24,C0110,Engine,ชื่ออะไหล่,Yes,P007
S00588,2026-04-23,C0192,Brake,รุ่นรถ,Yes,P009
S00589,2026-03-14,C0250,Engine,รุ่นรถ,No,P009
S00590,2026-03-10,C0212,Brake,รูปภาพ,No,P013
S00591,2026-02-22,C0103,Brake,รูปภาพ,No,P015
S00592,2026-09-14,C0161,Electrical,รูปภาพ,Yes,P001
S00593,2026-01-24,C0007,Engine,รูปภาพ,No,P008
S00594,2026-08-07,C0104,Engine,รูปภาพ,Yes,P018
S00595,2026-07-05,C0187,Exterior,รุ่นรถ,Yes,P007
S00596,2026-07-03,C0086,Brake,ชื่ออะไหล่,Yes,P002
S00597,2026-07-05,C0185,Exterior,รูปภาพ,Yes,P008
S00598,2026-09-23,C0152,Brake,รูปภาพ,Yes,P002
S00599,2026-01-01,C0183,AC,รูปภาพ,No,P016
S00600,2026-09-09,C0217,Cooling,คำค้นหา,Yes,P002
S00601,2026-09-30,C0033,Electrical,รูปภาพ,Yes,P011
S00602,2026-06-17,C0111,Electrical,รูปภาพ,Yes,P002
S00603,2026-02-01,C0042,Cooling,รูปภาพ,Yes,P018
S00604,2026-01-13,C0240,Cooling,รูปภาพ,Yes,P002
S00605,2026-02-01,C0226,Exterior,ชื่ออะไหล่,Yes,P005
S00606,2026-01-10,C0045,Brake,รุ่นรถ,Yes,P017
S00607,2026-01-24,C0030,Brake,รูปภาพ,Yes,P001
S00608,2026-01-12,C0128,Electrical,ชื่ออะไหล่,Yes,P016
S00609,2026-07-04,C0098,Electrical,รุ่นรถ,Yes,P003
S00610,2026-04-07,C0029,Exterior,รูปภาพ,Yes,P017
S00611,2026-03-14,C0057,Brake,รูปภาพ,Yes,P017
S00612,2026-07-14,C0107,AC,คำค้นหา,Yes,P018
S00613,2026-02-17,C0108,Electrical,รูปภาพ,Yes,P008
S00614,2026-05-07,C0139,AC,รูปภาพ,Yes,P003
S00615,2026-02-16,C0038,Electrical,รุ่นรถ,Yes,P005
S00616,2026-07-26,C0069,Cooling,รุ่นรถ,Yes,P020
S00617,2026-08-15,C0180,Brake,รูปภาพ,Yes,P018
S00618,2026-08-07,C0099,Suspension,รูปภาพ,Yes,P020
S00619,2026-04-27,C0150,Brake,รูปภาพ,No,P009
S00620,2026-02-01,C0026,Exterior,ชื่ออะไหล่,Yes,P011
S00621,2026-05-23,C0165,Electrical,รุ่นรถ,Yes,P008
S00622,2026-09-21,C0104,AC,รูปภาพ,Yes,P004
S00623,2026-05-26,C0046,AC,รุ่นรถ,Yes,P020
S00624,2026-06-16,C0117,Exterior,ชื่ออะไหล่,Yes,P007
S00625,2026-01-18,C0123,Suspension,ชื่ออะไหล่,Yes,P010
S00626,2026-04-30,C0034,Electrical,ชื่ออะไหล่,Yes,P016
S00627,2026-03-27,C0187,Engine,รูปภาพ,Yes,P016
S00628,2026-01-14,C0147,Brake,คำค้นหา,Yes,P018
S00629,2026-07-20,C0062,Cooling,รุ่นรถ,Yes,P010
S00630,2026-05-07,C0226,Suspension,รูปภาพ,Yes,P006
S00631,2026-03-11,C0220,Engine,คำค้นหา,Yes,P002
S00632,2026-06-24,C0122,Cooling,รูปภาพ,Yes,P012
S00633,2026-06-12,C0013,Cooling,ชื่ออะไหล่,Yes,P009
S00634,2026-01-11,C0243,Exterior,รุ่นรถ,Yes,P020
S00635,2026-08-04,C0075,Exterior,รูปภาพ,Yes,P014
S00636,2026-06-24,C0181,AC,ชื่ออะไหล่,Yes,P017
S00637,2026-08-03,C0090,AC,รูปภาพ,Yes,P002
S00638,2026-08-23,C0007,Cooling,รูปภาพ,Yes,P003
S00639,2026-06-14,C0034,Brake,รูปภาพ,Yes,P020
S00640,2026-09-07,C0216,AC,รุ่นรถ,Yes,P014
S00641,2026-06-17,C0105,AC,ชื่ออะไหล่,Yes,P009
S00642,2026-03-03,C0163,AC,รูปภาพ,Yes,P015
S00643,2026-01-09,C0197,Brake,ชื่ออะไหล่,Yes,P008
S00644,2026-01-12,C0193,Exterior,ชื่ออะไหล่,Yes,P005
S00645,2026-09-19,C0023,Brake,รูปภาพ,Yes,P009
S00646,2026-01-15,C0131,Brake,รูปภาพ,Yes,P012
S00647,2026-03-07,C0212,Electrical,รุ่นรถ,Yes,P010
S00648,2026-08-17,C0055,Suspension,รุ่นรถ,Yes,P004
S00649,2026-03-08,C0017,Cooling,ชื่ออะไหล่,Yes,P011
S00650,2026-01-26,C0236,Brake,รุ่นรถ,No,P002
S00651,2026-05-22,C0117,AC,ชื่ออะไหล่,Yes,P019
S00652,2026-01-07,C0169,Electrical,รูปภาพ,Yes,P016
S00653,2026-08-17,C0079,Electrical,รูปภาพ,No,P013
S00654,2026-08-11,C0014,Brake,รูปภาพ,Yes,P012
S00655,2026-07-04,C0202,Engine,รูปภาพ,Yes,P014
S00656,2026-07-02,C0050,Brake,รูปภาพ,Yes,P014
S00657,2026-02-20,C0192,Suspension,รูปภาพ,Yes,P010
S00658,2026-07-05,C0132,Engine,ชื่ออะไหล่,Yes,P016
S00659,2026-09-11,C0081,Exterior,ชื่ออะไหล่,Yes,P016
S00660,2026-08-07,C0072,Suspension,รูปภาพ,Yes,P010
S00661,2026-06-09,C0041,Electrical,รูปภาพ,Yes,P008
S00662,2026-02-08,C0215,AC,รูปภาพ,Yes,P004
S00663,2026-08-13,C0232,Suspension,รุ่นรถ,Yes,P001
S00664,2026-05-25,C0111,Suspension,รูปภาพ,Yes,P007
S00665,2026-02-14,C0250,Cooling,รูปภาพ,Yes,P001
S00666,2026-06-23,C0177,Brake,รูปภาพ,Yes,P020
S00667,2026-09-03,C0006,Cooling,รูปภาพ,Yes,P016
S00668,2026-08-31,C0009,Electrical,รุ่นรถ,Yes,P020
S00669,2026-06-04,C0179,AC,รุ่นรถ,Yes,P008
S00670,2026-05-02,C0158,Brake,รูปภาพ,Yes,P007
S00671,2026-09-20,C0061,Cooling,รูปภาพ,Yes,P018
S00672,2026-05-15,C0006,Electrical,รูปภาพ,Yes,P005
S00673,2026-06-07,C0051,AC,รูปภาพ,Yes,P018
S00674,2026-07-03,C0244,Brake,ชื่ออะไหล่,Yes,P017
S00675,2026-01-10,C0221,Suspension,รูปภาพ,No,P020
S00676,2026-03-20,C0046,Cooling,ชื่ออะไหล่,No,P017
S00677,2026-02-20,C0101,Engine,รุ่นรถ,Yes,P003
S00678,2026-03-08,C0160,Suspension,รูปภาพ,Yes,P018
S00679,2026-03-02,C0189,Brake,รูปภาพ,Yes,P018
S00680,2026-08-28,C0081,Engine,รูปภาพ,Yes,P015
S00681,2026-06-08,C0172,Cooling,ชื่ออะไหล่,No,P019
S00682,2026-05-11,C0045,Brake,ชื่ออะไหล่,Yes,P014
S00683,2026-04-17,C0232,Electrical,รูปภาพ,Yes,P007
S00684,2026-07-09,C0176,Engine,ชื่ออะไหล่,Yes,P002
S00685,2026-04-22,C0202,Exterior,รุ่นรถ,Yes,P018
S00686,2026-07-02,C0211,Suspension,รุ่นรถ,Yes,P015
S00687,2026-04-09,C0111,Brake,คำค้นหา,Yes,P005
S00688,2026-04-22,C0193,Cooling,รูปภาพ,Yes,P011
S00689,2026-01-31,C0083,Suspension,ชื่ออะไหล่,Yes,P002
S00690,2026-08-02,C0145,Brake,รูปภาพ,No,P017
S00691,2026-07-17,C0016,Engine,ชื่ออะไหล่,Yes,P006
S00692,2026-03-01,C0127,AC,รูปภาพ,No,P015
S00693,2026-07-02,C0097,Electrical,ชื่ออะไหล่,No,P001
S00694,2026-08-28,C0008,Engine,รุ่นรถ,Yes,P016
S00695,2026-05-18,C0084,Cooling,รูปภาพ,No,P002
S00696,2026-02-11,C0230,AC,ชื่ออะไหล่,Yes,P001
S00697,2026-08-21,C0031,Cooling,ชื่ออะไหล่,No,P008
S00698,2026-04-04,C0219,Exterior,ชื่ออะไหล่,Yes,P003
S00699,2026-07-31,C0201,AC,รูปภาพ,Yes,P011
S00700,2026-06-28,C0125,Engine,ชื่ออะไหล่,Yes,P004
S00701,2026-09-14,C0143,AC,รูปภาพ,Yes,P012
S00702,2026-07-23,C0050,Cooling,รูปภาพ,Yes,P003
S00703,2026-04-30,C0076,Exterior,รูปภาพ,Yes,P018
S00704,2026-08-11,C0167,Exterior,รูปภาพ,Yes,P005
S00705,2026-01-23,C0034,Brake,รูปภาพ,Yes,P009
S00706,2026-09-17,C0192,Engine,รูปภาพ,Yes,P015
S00707,2026-05-18,C0115,Suspension,รุ่นรถ,Yes,P007
S00708,2026-07-20,C0173,AC,ชื่ออะไหล่,Yes,P018
S00709,2026-02-27,C0037,Electrical,รูปภาพ,Yes,P003
S00710,2026-01-25,C0125,Brake,คำค้นหา,No,P020
S00711,2026-09-21,C0125,Brake,รูปภาพ,Yes,P018
S00712,2026-04-16,C0218,Engine,รูปภาพ,Yes,P012
S00713,2026-09-30,C0112,Electrical,รูปภาพ,Yes,P001
S00714,2026-02-10,C0125,Brake,รูปภาพ,No,P017
S00715,2026-02-26,C0155,Cooling,รุ่นรถ,Yes,P014
S00716,2026-04-10,C0231,Electrical,รูปภาพ,Yes,P011
S00717,2026-07-15,C0051,Cooling,รุ่นรถ,No,P018
S00718,2026-03-17,C0123,Electrical,รุ่นรถ,Yes,P001
S00719,2026-03-21,C0146,AC,รุ่นรถ,Yes,P018
S00720,2026-03-09,C0170,Electrical,รูปภาพ,Yes,P012
S00721,2026-08-04,C0004,Brake,ชื่ออะไหล่,Yes,P017
S00722,2026-08-31,C0240,Exterior,รุ่นรถ,Yes,P009
S00723,2026-07-04,C0003,Suspension,ชื่ออะไหล่,Yes,P006
S00724,2026-01-19,C0012,AC,คำค้นหา,Yes,P009
S00725,2026-01-18,C0115,Engine,รูปภาพ,Yes,P013
S00726,2026-06-29,C0153,Cooling,รูปภาพ,Yes,P012
S00727,2026-07-23,C0060,AC,รูปภาพ,Yes,P002
S00728,2026-02-07,C0206,Exterior,รุ่นรถ,Yes,P013
S00729,2026-08-06,C0051,Exterior,คำค้นหา,Yes,P011
S00730,2026-02-11,C0014,Exterior,รูปภาพ,No,P007
S00731,2026-09-18,C0154,Suspension,รูปภาพ,Yes,P018
S00732,2026-08-06,C0176,Brake,คำค้นหา,No,P017
S00733,2026-04-10,C0248,Exterior,รูปภาพ,No,P013
S00734,2026-07-21,C0156,Exterior,ชื่ออะไหล่,Yes,P017
S00735,2026-04-05,C0098,Cooling,ชื่ออะไหล่,Yes,P014
S00736,2026-02-15,C0120,Exterior,รูปภาพ,Yes,P020
S00737,2026-06-16,C0098,Suspension,รูปภาพ,Yes,P012
S00738,2026-01-17,C0233,Exterior,รูปภาพ,Yes,P009
S00739,2026-09-02,C0133,Electrical,รูปภาพ,Yes,P012
S00740,2026-04-19,C0078,Cooling,รุ่นรถ,Yes,P005
S00741,2026-02-12,C0011,Brake,รูปภาพ,Yes,P004
S00742,2026-02-15,C0144,Engine,ชื่ออะไหล่,No,P014
S00743,2026-02-05,C0098,Cooling,รูปภาพ,No,P012
S00744,2026-09-11,C0038,Electrical,รูปภาพ,No,P011
S00745,2026-09-18,C0045,Electrical,รูปภาพ,No,P014
S00746,2026-08-31,C0043,Suspension,รูปภาพ,Yes,P006
S00747,2026-08-16,C0010,Engine,รูปภาพ,Yes,P014
S00748,2026-04-18,C0136,AC,คำค้นหา,Yes,P004
S00749,2026-03-28,C0024,Exterior,รูปภาพ,Yes,P005
S00750,2026-01-30,C0046,Suspension,ชื่ออะไหล่,Yes,P020
S00751,2026-04-02,C0214,Cooling,รูปภาพ,Yes,P017
S00752,2026-08-07,C0093,Exterior,รูปภาพ,Yes,P005
S00753,2026-05-18,C0026,Electrical,รูปภาพ,Yes,P011
S00754,2026-08-16,C0048,AC,คำค้นหา,Yes,P005
S00755,2026-05-02,C0035,Cooling,รูปภาพ,Yes,P007
S00756,2026-02-16,C0041,AC,คำค้นหา,Yes,P009
S00757,2026-05-24,C0092,Electrical,รูปภาพ,Yes,P014
S00758,2026-03-25,C0027,Cooling,รูปภาพ,Yes,P017
S00759,2026-05-27,C0202,Cooling,รูปภาพ,Yes,P005
S00760,2026-01-15,C0079,Cooling,รูปภาพ,Yes,P013
S00761,2026-08-14,C0246,Suspension,รูปภาพ,Yes,P006
S00762,2026-07-16,C0003,Electrical,รุ่นรถ,Yes,P012
S00763,2026-01-29,C0245,Cooling,รูปภาพ,Yes,P015
S00764,2026-06-05,C0180,Electrical,รูปภาพ,Yes,P018
S00765,2026-09-24,C0223,Electrical,คำค้นหา,Yes,P004
S00766,2026-05-01,C0078,Cooling,คำค้นหา,Yes,P003
S00767,2026-05-16,C0168,Exterior,รูปภาพ,Yes,P013
S00768,2026-02-02,C0248,Brake,รูปภาพ,Yes,P012
S00769,2026-06-01,C0155,AC,คำค้นหา,Yes,P013
S00770,2026-06-27,C0082,Brake,รูปภาพ,No,P011
S00771,2026-05-18,C0172,Brake,รูปภาพ,Yes,P008
S00772,2026-06-07,C0148,Electrical,ชื่ออะไหล่,Yes,P012
S00773,2026-02-19,C0019,Brake,รุ่นรถ,Yes,P020
S00774,2026-05-26,C0142,Brake,ชื่ออะไหล่,Yes,P004
S00775,2026-02-03,C0152,Suspension,ชื่ออะไหล่,No,P003
S00776,2026-06-30,C0134,AC,รูปภาพ,Yes,P010
S00777,2026-03-01,C0139,Brake,รุ่นรถ,No,P006
S00778,2026-04-17,C0148,Cooling,รุ่นรถ,Yes,P015
S00779,2026-06-06,C0033,AC,ชื่ออะไหล่,Yes,P009
S00780,2026-09-02,C0146,Electrical,รูปภาพ,Yes,P001
S00781,2026-06-11,C0145,Cooling,รูปภาพ,Yes,P001
S00782,2026-06-20,C0226,Exterior,รูปภาพ,Yes,P001
S00783,2026-03-05,C0233,Exterior,ชื่ออะไหล่,Yes,P002
S00784,2026-06-04,C0081,Exterior,รุ่นรถ,Yes,P018
S00785,2026-09-11,C0034,Brake,รุ่นรถ,Yes,P002
S00786,2026-06-24,C0008,Brake,รุ่นรถ,Yes,P018
S00787,2026-06-16,C0179,Electrical,รูปภาพ,Yes,P009
S00788,2026-08-27,C0152,Exterior,รูปภาพ,Yes,P008
S00789,2026-01-10,C0146,Electrical,รุ่นรถ,Yes,P020
S00790,2026-02-08,C0132,Cooling,ชื่ออะไหล่,No,P012
S00791,2026-04-22,C0233,Suspension,รูปภาพ,Yes,P014
S00792,2026-05-28,C0177,Suspension,รูปภาพ,Yes,P020
S00793,2026-05-26,C0125,AC,รูปภาพ,Yes,P013
S00794,2026-09-12,C0195,Cooling,คำค้นหา,Yes,P006
S00795,2026-04-13,C0084,Suspension,ชื่ออะไหล่,Yes,P016
S00796,2026-08-19,C0027,Engine,รูปภาพ,Yes,P018
S00797,2026-03-17,C0052,Electrical,รูปภาพ,Yes,P015
S00798,2026-09-08,C0189,Engine,รูปภาพ,Yes,P018
S00799,2026-08-06,C0019,Brake,รุ่นรถ,Yes,P010
S00800,2026-02-19,C0133,Suspension,รูปภาพ,Yes,P009
S00801,2026-05-11,C0238,Suspension,รูปภาพ,Yes,P007
S00802,2026-05-12,C0020,Exterior,รุ่นรถ,Yes,P008
S00803,2026-07-25,C0231,Brake,รุ่นรถ,Yes,P010
S00804,2026-03-16,C0059,AC,ชื่ออะไหล่,Yes,P014
S00805,2026-05-25,C0208,Cooling,คำค้นหา,Yes,P018
S00806,2026-06-05,C0223,Suspension,รูปภาพ,Yes,P007
S00807,2026-08-21,C0194,Brake,รูปภาพ,Yes,P003
S00808,2026-08-01,C0167,Suspension,ชื่ออะไหล่,Yes,P015
S00809,2026-08-05,C0002,Exterior,รูปภาพ,Yes,P005
S00810,2026-06-10,C0175,Suspension,รูปภาพ,Yes,P020
S00811,2026-08-18,C0199,Brake,คำค้นหา,Yes,P012
S00812,2026-07-03,C0130,Electrical,รุ่นรถ,Yes,P019
S00813,2026-05-07,C0122,Cooling,รุ่นรถ,Yes,P018
S00814,2026-02-16,C0139,Brake,ชื่ออะไหล่,Yes,P010
S00815,2026-02-27,C0006,Suspension,ชื่ออะไหล่,Yes,P020
S00816,2026-09-17,C0220,Engine,รูปภาพ,Yes,P002
S00817,2026-02-28,C0216,Brake,ชื่ออะไหล่,Yes,P006
S00818,2026-09-13,C0098,AC,รูปภาพ,Yes,P014
S00819,2026-02-06,C0097,Suspension,รุ่นรถ,Yes,P001
S00820,2026-08-02,C0022,Electrical,ชื่ออะไหล่,Yes,P012
S00821,2026-03-13,C0135,Brake,คำค้นหา,Yes,P002
S00822,2026-05-21,C0027,AC,ชื่ออะไหล่,No,P019
S00823,2026-07-09,C0102,AC,ชื่ออะไหล่,Yes,P015
S00824,2026-01-08,C0024,Exterior,รูปภาพ,Yes,P010
S00825,2026-09-05,C0194,Brake,รูปภาพ,Yes,P004
S00826,2026-06-13,C0093,Engine,รูปภาพ,Yes,P003
S00827,2026-07-20,C0077,Suspension,รูปภาพ,Yes,P011
S00828,2026-07-19,C0013,Cooling,รูปภาพ,No,P020
S00829,2026-06-15,C0018,Cooling,รูปภาพ,Yes,P010
S00830,2026-02-11,C0237,Exterior,ชื่ออะไหล่,Yes,P013
S00831,2026-04-27,C0236,Cooling,รุ่นรถ,Yes,P015
S00832,2026-08-29,C0187,Exterior,รุ่นรถ,Yes,P020
S00833,2026-05-25,C0162,Cooling,ชื่ออะไหล่,Yes,P010
S00834,2026-03-22,C0133,AC,รูปภาพ,Yes,P007
S00835,2026-03-23,C0034,AC,รุ่นรถ,Yes,P012
S00836,2026-05-27,C0061,Exterior,คำค้นหา,Yes,P010
S00837,2026-07-05,C0040,Brake,ชื่ออะไหล่,Yes,P006
S00838,2026-07-10,C0105,AC,รุ่นรถ,Yes,P010
S00839,2026-02-16,C0140,Engine,รูปภาพ,Yes,P012
S00840,2026-07-13,C0175,Electrical,รุ่นรถ,Yes,P001
S00841,2026-06-08,C0222,Cooling,รูปภาพ,Yes,P017
S00842,2026-08-05,C0100,Cooling,รูปภาพ,Yes,P002
S00843,2026-07-13,C0046,Electrical,รูปภาพ,Yes,P013
S00844,2026-08-04,C0227,Exterior,คำค้นหา,Yes,P014
S00845,2026-01-01,C0017,Engine,ชื่ออะไหล่,Yes,P016
S00846,2026-04-05,C0084,Cooling,รูปภาพ,Yes,P011
S00847,2026-01-12,C0198,Engine,รุ่นรถ,Yes,P012
S00848,2026-09-05,C0010,Engine,รูปภาพ,Yes,P008
S00849,2026-05-10,C0121,Brake,คำค้นหา,No,P020
S00850,2026-06-03,C0247,AC,รูปภาพ,Yes,P011
S00851,2026-05-25,C0206,Cooling,รูปภาพ,Yes,P017
S00852,2026-04-28,C0130,Engine,รูปภาพ,Yes,P001
S00853,2026-06-25,C0138,Engine,รูปภาพ,Yes,P020
S00854,2026-08-08,C0036,AC,รูปภาพ,Yes,P007
S00855,2026-08-17,C0136,Electrical,รุ่นรถ,Yes,P010
S00856,2026-09-22,C0124,Engine,รูปภาพ,Yes,P011
S00857,2026-03-08,C0113,Electrical,รูปภาพ,Yes,P015
S00858,2026-04-23,C0176,Engine,คำค้นหา,Yes,P004
S00859,2026-02-16,C0183,Suspension,รุ่นรถ,Yes,P006
S00860,2026-02-22,C0031,Electrical,คำค้นหา,Yes,P007
S00861,2026-02-06,C0088,Engine,รูปภาพ,Yes,P020
S00862,2026-09-16,C0225,Cooling,รูปภาพ,Yes,P004
S00863,2026-01-10,C0002,Electrical,รูปภาพ,Yes,P007
S00864,2026-09-09,C0014,Cooling,ชื่ออะไหล่,Yes,P005
S00865,2026-04-16,C0203,Electrical,รูปภาพ,Yes,P003
S00866,2026-05-06,C0004,Brake,รุ่นรถ,Yes,P017
S00867,2026-01-13,C0239,Engine,ชื่ออะไหล่,Yes,P011
S00868,2026-03-08,C0243,Cooling,ชื่ออะไหล่,Yes,P015
S00869,2026-03-03,C0224,AC,รูปภาพ,Yes,P016
S00870,2026-08-25,C0070,Suspension,รูปภาพ,Yes,P009
S00871,2026-05-03,C0064,Cooling,คำค้นหา,Yes,P014
S00872,2026-06-25,C0005,Electrical,รุ่นรถ,Yes,P011
S00873,2026-07-29,C0066,Cooling,รูปภาพ,Yes,P014
S00874,2026-01-28,C0050,Electrical,ชื่ออะไหล่,Yes,P009
S00875,2026-08-13,C0228,Brake,รูปภาพ,Yes,P013
S00876,2026-09-21,C0140,Cooling,รูปภาพ,Yes,P014
S00877,2026-06-01,C0245,Suspension,คำค้นหา,Yes,P019
S00878,2026-02-09,C0119,AC,ชื่ออะไหล่,Yes,P001
S00879,2026-06-07,C0059,Suspension,รูปภาพ,Yes,P020
S00880,2026-06-03,C0103,Cooling,รูปภาพ,Yes,P015
S00881,2026-07-10,C0118,AC,รุ่นรถ,Yes,P006
S00882,2026-03-17,C0092,AC,รูปภาพ,Yes,P015
S00883,2026-07-07,C0104,Suspension,รุ่นรถ,Yes,P015
S00884,2026-05-02,C0046,Exterior,คำค้นหา,Yes,P014
S00885,2026-05-07,C0067,Suspension,ชื่ออะไหล่,Yes,P013
S00886,2026-06-22,C0156,Brake,รูปภาพ,No,P010
S00887,2026-01-16,C0122,Brake,รูปภาพ,Yes,P017
S00888,2026-08-26,C0018,Brake,ชื่ออะไหล่,Yes,P008
S00889,2026-04-21,C0133,Brake,รูปภาพ,Yes,P015
S00890,2026-02-18,C0100,Cooling,ชื่ออะไหล่,Yes,P013
S00891,2026-09-12,C0248,Cooling,รูปภาพ,Yes,P005
S00892,2026-01-27,C0013,Engine,รุ่นรถ,Yes,P008
S00893,2026-08-25,C0025,Electrical,คำค้นหา,Yes,P020
S00894,2026-04-19,C0014,Exterior,ชื่ออะไหล่,Yes,P007
S00895,2026-09-12,C0081,Engine,รูปภาพ,Yes,P005
S00896,2026-07-13,C0003,Electrical,รุ่นรถ,Yes,P016
S00897,2026-01-24,C0026,Engine,ชื่ออะไหล่,Yes,P019
S00898,2026-01-15,C0199,Suspension,ชื่ออะไหล่,Yes,P010
S00899,2026-02-08,C0179,Engine,ชื่ออะไหล่,Yes,P009
S00900,2026-03-03,C0093,Suspension,รูปภาพ,Yes,P003
