Customer_ID,Customer_Name,Customer_Type,Province,Register_Channel
C0001,ธนา ศรีสุข,ร้านอะไหล่,ฉะเชิงเทรา,Mobile App
C0002,ภาณุ วงศ์ทอง,ร้านอะไหล่,ชลบุรี,Facebook
C0003,พีรพล แสงทอง,เจ้าของรถ,ระยอง,Mobile App
C0004,อภิสิทธิ์ แสงทอง,อู่ซ่อมรถ,ขอนแก่น,Mobile App
C0005,วรพล ศรีสุข,อู่ซ่อมรถ,ฉะเชิงเทรา,Line OA
C0006,สมศักดิ์ เจริญผล,เจ้าของรถ,กรุงเทพมหานคร,Website
C0007,ชาญชัย บุญมี,เจ้าของรถ,นครราชสีมา,Facebook
C0008,กิตติ วงศ์ทอง,เจ้าของรถ,ชลบุรี,Facebook
C0009,อนันต์ ใจดี,เจ้าของรถ,นครราชสีมา,Facebook
C0010,ณัฐวุฒิ แสงทอง,ศูนย์บริการ,ภูเก็ต,Facebook
C0011,ชาญชัย ใจดี,เจ้าของรถ,นครราชสีมา,Mobile App
C0012,ภาณุ วงศ์ทอง,เจ้าของรถ,กรุงเทพมหานคร,Line OA
C0013,ธีรภัทร วงศ์ทอง,เจ้าของรถ,ภูเก็ต,Facebook
C0014,ธีรภัทร สุขใจ,เจ้าของรถ,นครราชสีมา,Facebook
C0015,สมศักดิ์ คำดี,เจ้าของรถ,ภูเก็ต,Mobile App
C0016,ธีรภัทร บุญมี,เจ้าของรถ,ฉะเชิงเทรา,Line OA
C0017,ชาญชัย พรหมมา,เจ้าของรถ,เชียงใหม่,Website
C0018,ภาณุ ศรีสุข,ร้านอะไหล่,ชลบุรี,Website
C0019,ชาญชัย วงศ์ทอง,ศูนย์บริการ,กรุงเทพมหานคร,Website
C0020,สมศักดิ์ วัฒนชัย,ศูนย์บริการ,นครราชสีมา,Line OA
C0021,อภิสิทธิ์ ศรีสุข,เจ้าของรถ,ระยอง,Website
C0022,สมชาย ใจดี,เจ้าของรถ,กรุงเทพมหานคร,Facebook
C0023,กิตติ แสงทอง,เจ้าของรถ,นครราชสีมา,Line OA
C0024,ภาณุ บุญมี,เจ้าของรถ,ชลบุรี,Facebook
C0025,พีรพล แสงทอง,เจ้าของรถ,ขอนแก่น,Facebook
C0026,นพดล ใจดี,เจ้าของรถ,นครราชสีมา,Line OA
C0027,ภาณุ เจริญผล,ร้านอะไหล่,ระยอง,Facebook
C0028,วรพล วงศ์ทอง,เจ้าของรถ,ขอนแก่น,Line OA
C0029,ศุภชัย ใจดี,ร้านอะไหล่,กรุงเทพมหานคร,Website
C0030,กิตติ คำดี,เจ้าของรถ,ภูเก็ต,Facebook
C0031,ณัฐวุฒิ ศรีสุข,อู่ซ่อมรถ,ระยอง,Website
C0032,พีรพล ใจดี,เจ้าของรถ,กรุงเทพมหานคร,Website
C0033,สมชาย เจริญผล,อู่ซ่อมรถ,นครราชสีมา,Website
C0034,อนันต์ แสงทอง,อู่ซ่อมรถ,นครราชสีมา,Line OA
C0035,วรพล พรหมมา,เจ้าของรถ,ฉะเชิงเทรา,Website
C0036,เอกชัย วัฒนชัย,เจ้าของรถ,ฉะเชิงเทรา,Line OA
C0037,ศุภชัย สุขใจ,เจ้าของรถ,ระยอง,Mobile App
C0038,ชาญชัย พรหมมา,เจ้าของรถ,ระยอง,Mobile App
C0039,ธีรภัทร สุขใจ,ศูนย์บริการ,เชียงใหม่,Facebook
C0040,ภาณุ แสงทอง,ร้านอะไหล่,ภูเก็ต,Facebook
C0041,ณัฐวุฒิ บุญมี,ร้านอะไหล่,ฉะเชิงเทรา,Line OA
C0042,นพดล พรหมมา,ร้านอะไหล่,ชลบุรี,Line OA
C0043,เอกชัย สุขใจ,เจ้าของรถ,นครราชสีมา,Line OA
C0044,วรพล ศรีสุข,เจ้าของรถ,กรุงเทพมหานคร,Facebook
C0045,กิตติ ศรีสุข,เจ้าของรถ,เชียงใหม่,Line OA
C0046,กิตติ แสงทอง,ศูนย์บริการ,เชียงใหม่,Website
C0047,ณัฐวุฒิ ใจดี,อู่ซ่อมรถ,ระยอง,Website
C0048,พีรพล ศรีสุข,ศูนย์บริการ,ชลบุรี,Website
C0049,สมศักดิ์ บุญมี,อู่ซ่อมรถ,ภูเก็ต,Website
C0050,ภาณุ แสงทอง,เจ้าของรถ,เชียงใหม่,Facebook
C0051,นพดล แสงทอง,เจ้าของรถ,นครราชสีมา,Mobile App
C0052,พีรพล บุญมี,เจ้าของรถ,ภูเก็ต,Line OA
C0053,นพดล ใจดี,ร้านอะไหล่,นครราชสีมา,Mobile App
C0054,อนันต์ คำดี,เจ้าของรถ,ฉะเชิงเทรา,Facebook
C0055,อภิสิทธิ์ ศรีสุข,อู่ซ่อมรถ,เชียงใหม่,Facebook
C0056,ณัฐวุฒิ ใจดี,อู่ซ่อมรถ,ระยอง,Website
C0057,กิตติ วัฒนชัย,เจ้าของรถ,ฉะเชิงเทรา,Website
C0058,ภาณุ บุญมี,เจ้าของรถ,นครราชสีมา,Website
C0059,สมศักดิ์ สุขใจ,เจ้าของรถ,นครราชสีมา,Website
C0060,สมศักดิ์ บุญมี,อู่ซ่อมรถ,นครราชสีมา,Website
C0061,พีรพล บุญมี,เจ้าของรถ,กรุงเทพมหานคร,Line OA
C0062,สมศักดิ์ คำดี,เจ้าของรถ,ภูเก็ต,Line OA
C0063,ณัฐวุฒิ บุญมี,อู่ซ่อมรถ,ชลบุรี,Facebook
C0064,ชาญชัย ศรีสุข,อู่ซ่อมรถ,เชียงใหม่,Website
C0065,นพดล ใจดี,เจ้าของรถ,ระยอง,Mobile App
C0066,นพดล ใจดี,เจ้าของรถ,ชลบุรี,Website
C0067,สมชาย คำดี,เจ้าของรถ,ฉะเชิงเทรา,Mobile App
C0068,ธีรภัทร สุขใจ,อู่ซ่อมรถ,ขอนแก่น,Website
C0069,ภาณุ วัฒนชัย,เจ้าของรถ,ฉะเชิงเทรา,Facebook
C0070,นพดล สุขใจ,อู่ซ่อมรถ,ภูเก็ต,Line OA
C0071,ณัฐวุฒิ ใจดี,ศูนย์บริการ,กรุงเทพมหานคร,Facebook
C0072,สมศักดิ์ คำดี,เจ้าของรถ,ภูเก็ต,Website
C0073,กิตติ วงศ์ทอง,ศูนย์บริการ,ชลบุรี,Facebook
C0074,สมศักดิ์ คำดี,อู่ซ่อมรถ,กรุงเทพมหานคร,Website
C0075,อนันต์ คำดี,เจ้าของรถ,ระยอง,Mobile App
C0076,พีรพล ศรีสุข,เจ้าของรถ,นครราชสีมา,Line OA
C0077,ธนา คำดี,อู่ซ่อมรถ,นครราชสีมา,Facebook
C0078,ศุภชัย พรหมมา,เจ้าของรถ,ฉะเชิงเทรา,Facebook
C0079,พีรพล เจริญผล,อู่ซ่อมรถ,ระยอง,Website
C0080,ธีรภัทร บุญมี,เจ้าของรถ,ขอนแก่น,Website
C0081,อนันต์ ศรีสุข,ร้านอะไหล่,ขอนแก่น,Line OA
C0082,ธีรภัทร แสงทอง,เจ้าของรถ,ขอนแก่น,Website
C0083,นพดล ใจดี,ร้านอะไหล่,กรุงเทพมหานคร,Line OA
C0084,ภาณุ ใจดี,เจ้าของรถ,นครราชสีมา,Line OA
C0085,นพดล เจริญผล,เจ้าของรถ,ฉะเชิงเทรา,Line OA
C0086,ธนา บุญมี,ร้านอะไหล่,นครราชสีมา,Facebook
C0087,วรพล คำดี,ร้านอะไหล่,กรุงเทพมหานคร,Facebook
C0088,พีรพล วงศ์ทอง,เจ้าของรถ,ฉะเชิงเทรา,Line OA
C0089,ศุภชัย บุญมี,อู่ซ่อมรถ,ขอนแก่น,Mobile App
C0090,ธนา เจริญผล,เจ้าของรถ,กรุงเทพมหานคร,Facebook
C0091,ภาณุ แสงทอง,เจ้าของรถ,ชลบุรี,Facebook
C0092,ธนา ศรีสุข,เจ้าของรถ,ฉะเชิงเทรา,Mobile App
C0093,พีรพล ใจดี,อู่ซ่อมรถ,กรุงเทพมหานคร,Facebook
C0094,ธนา เจริญผล,เจ้าของรถ,ภูเก็ต,Website
C0095,พีรพล สุขใจ,เจ้าของรถ,ฉะเชิงเทรา,Mobile App
C0096,ชาญชัย ใจดี,เจ้าของรถ,กรุงเทพมหานคร,Line OA
C0097,พีรพล ศรีสุข,เจ้าของรถ,ขอนแก่น,Line OA
C0098,วรพล วัฒนชัย,เจ้าของรถ,ภูเก็ต,Website
C0099,นพดล ศรีสุข,ร้านอะไหล่,ชลบุรี,Line OA
C0100,ธนา เจริญผล,ร้านอะไหล่,กรุงเทพมหานคร,Mobile App
C0101,วรพล เจริญผล,เจ้าของรถ,ฉะเชิงเทรา,Line OA
C0102,วรพล คำดี,อู่ซ่อมรถ,ชลบุรี,Mobile App
C0103,วรพล วัฒนชัย,เจ้าของรถ,ขอนแก่น,Mobile App
C0104,พีรพล แสงทอง,เจ้าของรถ,ภูเก็ต,Line OA
C0105,เอกชัย ศรีสุข,อู่ซ่อมรถ,เชียงใหม่,Facebook
C0106,เอกชัย เจริญผล,อู่ซ่อมรถ,ชลบุรี,Mobile App
C0107,พีรพล บุญมี,เจ้าของรถ,เชียงใหม่,Line OA
C0108,พีรพล แสงทอง,เจ้าของรถ,กรุงเทพมหานคร,Line OA
C0109,กิตติ พรหมมา,เจ้าของรถ,ฉะเชิงเทรา,Mobile App
C0110,พีรพล วัฒนชัย,เจ้าของรถ,กรุงเทพมหานคร,Website
C0111,วรพล แสงทอง,ร้านอะไหล่,ขอนแก่น,Website
C0112,วรพล คำดี,อู่ซ่อมรถ,กรุงเทพมหานคร,Website
C0113,วรพล ศรีสุข,เจ้าของรถ,กรุงเทพมหานคร,Line OA
C0114,ภาณุ สุขใจ,ร้านอะไหล่,กรุงเทพมหานคร,Line OA
C0115,สมศักดิ์ พรหมมา,ร้านอะไหล่,ขอนแก่น,Line OA
C0116,อนันต์ ใจดี,อู่ซ่อมรถ,ชลบุรี,Line OA
C0117,ณัฐวุฒิ เจริญผล,เจ้าของรถ,ชลบุรี,Mobile App
C0118,ศุภชัย วงศ์ทอง,เจ้าของรถ,ฉะเชิงเทรา,Mobile App
C0119,ศุภชัย วัฒนชัย,เจ้าของรถ,เชียงใหม่,Facebook
C0120,วรพล แสงทอง,เจ้าของรถ,ภูเก็ต,Website
C0121,ธีรภัทร บุญมี,เจ้าของรถ,กรุงเทพมหานคร,Mobile App
C0122,ศุภชัย พรหมมา,เจ้าของรถ,ภูเก็ต,Line OA
C0123,ชาญชัย เจริญผล,เจ้าของรถ,ชลบุรี,Website
C0124,ภาณุ ใจดี,ร้านอะไหล่,ฉะเชิงเทรา,Website
C0125,สมชาย แสงทอง,เจ้าของรถ,ระยอง,Facebook
C0126,ชาญชัย แสงทอง,เจ้าของรถ,ระยอง,Website
C0127,กิตติ วงศ์ทอง,เจ้าของรถ,ภูเก็ต,Facebook
C0128,สมชาย คำดี,เจ้าของรถ,เชียงใหม่,Line OA
C0129,พีรพล เจริญผล,เจ้าของรถ,นครราชสีมา,Facebook
C0130,ณัฐวุฒิ บุญมี,อู่ซ่อมรถ,นครราชสีมา,Line OA
C0131,สมชาย ศรีสุข,เจ้าของรถ,ระยอง,Website
C0132,ธนา วัฒนชัย,เจ้าของรถ,กรุงเทพมหานคร,Website
C0133,ศุภชัย แสงทอง,เจ้าของรถ,ขอนแก่น,Line OA
C0134,กิตติ แสงทอง,เจ้าของรถ,ขอนแก่น,Line OA
C0135,วรพล พรหมมา,เจ้าของรถ,ชลบุรี,Mobile App
C0136,อนันต์ เจริญผล,ร้านอะไหล่,ขอนแก่น,Facebook
C0137,วรพล สุขใจ,ร้านอะไหล่,นครราชสีมา,Website
C0138,ภาณุ ศรีสุข,เจ้าของรถ,เชียงใหม่,Mobile App
C0139,อภิสิทธิ์ เจริญผล,อู่ซ่อมรถ,ระยอง,Mobile App
C0140,สมชาย ศรีสุข,เจ้าของรถ,ระยอง,Facebook
C0141,ศุภชัย แสงทอง,เจ้าของรถ,ขอนแก่น,Line OA
C0142,นพดล แสงทอง,เจ้าของรถ,ขอนแก่น,Mobile App
C0143,อภิสิทธิ์ สุขใจ,เจ้าของรถ,กรุงเทพมหานคร,Facebook
C0144,นพดล แสงทอง,ร้านอะไหล่,ขอนแก่น,Mobile App
C0145,ภาณุ วัฒนชัย,เจ้าของรถ,ภูเก็ต,Mobile App
C0146,ชาญชัย สุขใจ,เจ้าของรถ,ฉะเชิงเทรา,Mobile App
C0147,กิตติ พรหมมา,ศูนย์บริการ,กรุงเทพมหานคร,Facebook
C0148,พีรพล วงศ์ทอง,เจ้าของรถ,ฉะเชิงเทรา,Mobile App
C0149,สมชาย เจริญผล,เจ้าของรถ,เชียงใหม่,Facebook
C0150,นพดล ใจดี,เจ้าของรถ,ฉะเชิงเทรา,Website
C0151,ศุภชัย คำดี,ศูนย์บริการ,ระยอง,Mobile App
C0152,นพดล บุญมี,เจ้าของรถ,นครราชสีมา,Facebook
C0153,อนันต์ วงศ์ทอง,เจ้าของรถ,ฉะเชิงเทรา,Mobile App
C0154,อนันต์ ใจดี,อู่ซ่อมรถ,ระยอง,Mobile App
C0155,วรพล ใจดี,อู่ซ่อมรถ,ชลบุรี,Line OA
C0156,สมศักดิ์ บุญมี,เจ้าของรถ,ระยอง,Website
C0157,ธีรภัทร วัฒนชัย,เจ้าของรถ,ภูเก็ต,Facebook
C0158,สมชาย บุญมี,อู่ซ่อมรถ,นครราชสีมา,Mobile App
C0159,ธีรภัทร คำดี,เจ้าของรถ,เชียงใหม่,Website
C0160,ศุภชัย แสงทอง,อู่ซ่อมรถ,ชลบุรี,Line OA
C0161,พีรพล คำดี,เจ้าของรถ,ชลบุรี,Mobile App
C0162,วรพล บุญมี,อู่ซ่อมรถ,นครราชสีมา,Website
C0163,วรพล ศรีสุข,เจ้าของรถ,ขอนแก่น,Line OA
C0164,ธีรภัทร วงศ์ทอง,ศูนย์บริการ,นครราชสีมา,Mobile App
C0165,พีรพล สุขใจ,ศูนย์บริการ,ภูเก็ต,Mobile App
C0166,กิตติ สุขใจ,ศูนย์บริการ,กรุงเทพมหานคร,Mobile App
C0167,นพดล บุญมี,อู่ซ่อมรถ,กรุงเทพมหานคร,Facebook
C0168,ธีรภัทร วงศ์ทอง,เจ้าของรถ,ระยอง,Website
C0169,ธนา วงศ์ทอง,เจ้าของรถ,ชลบุรี,Mobile App
C0170,สมชาย บุญมี,เจ้าของรถ,ขอนแก่น,Facebook
C0171,อภิสิทธิ์ คำดี,ร้านอะไหล่,ภูเก็ต,Line OA
C0172,สมชาย ใจดี,เจ้าของรถ,ระยอง,Line OA
C0173,อนันต์ วัฒนชัย,อู่ซ่อมรถ,เชียงใหม่,Mobile App
C0174,สมศักดิ์ ใจดี,อู่ซ่อมรถ,ขอนแก่น,Website
C0175,ธนา สุขใจ,อู่ซ่อมรถ,กรุงเทพมหานคร,Website
C0176,ภาณุ ใจดี,ศูนย์บริการ,ขอนแก่น,Facebook
C0177,วรพล คำดี,เจ้าของรถ,ชลบุรี,Line OA
C0178,เอกชัย บุญมี,เจ้าของรถ,เชียงใหม่,Website
C0179,ธนา วงศ์ทอง,อู่ซ่อมรถ,นครราชสีมา,Facebook
C0180,ธีรภัทร วงศ์ทอง,อู่ซ่อมรถ,ภูเก็ต,Mobile App
C0181,สมศักดิ์ ใจดี,เจ้าของรถ,ฉะเชิงเทรา,Facebook
C0182,ชาญชัย สุขใจ,ศูนย์บริการ,ฉะเชิงเทรา,Mobile App
C0183,สมศักดิ์ เจริญผล,ร้านอะไหล่,กรุงเทพมหานคร,Line OA
C0184,สมชาย คำดี,อู่ซ่อมรถ,ขอนแก่น,Mobile App
C0185,สมชาย สุขใจ,อู่ซ่อมรถ,ชลบุรี,Mobile App
C0186,กิตติ ใจดี,อู่ซ่อมรถ,ชลบุรี,Mobile App
C0187,ชาญชัย ศรีสุข,เจ้าของรถ,ภูเก็ต,Line OA
C0188,สมชาย เจริญผล,เจ้าของรถ,ชลบุรี,Facebook
C0189,อภิสิทธิ์ วงศ์ทอง,เจ้าของรถ,ชลบุรี,Facebook
C0190,ธีรภัทร แสงทอง,เจ้าของรถ,นครราชสีมา,Facebook
C0191,เอกชัย สุขใจ,เจ้าของรถ,เชียงใหม่,Line OA
C0192,ธีรภัทร ศรีสุข,อู่ซ่อมรถ,ภูเก็ต,Mobile App
C0193,ศุภชัย สุขใจ,เจ้าของรถ,ฉะเชิงเทรา,Facebook
C0194,พีรพล ศรีสุข,เจ้าของรถ,ขอนแก่น,Mobile App
C0195,ชาญชัย พรหมมา,อู่ซ่อมรถ,ฉะเชิงเทรา,Line OA
C0196,วรพล ใจดี,เจ้าของรถ,ขอนแก่น,Website
C0197,วรพล คำดี,เจ้าของรถ,เชียงใหม่,Mobile App
C0198,พีรพล คำดี,เจ้าของรถ,ชลบุรี,Mobile App
C0199,อภิสิทธิ์ แสงทอง,อู่ซ่อมรถ,กรุงเทพมหานคร,Website
C0200,ชาญชัย วัฒนชัย,อู่ซ่อมรถ,ภูเก็ต,Mobile App
C0201,ชาญชัย วงศ์ทอง,เจ้าของรถ,ขอนแก่น,Line OA
C0202,วรพล คำดี,อู่ซ่อมรถ,ฉะเชิงเทรา,Mobile App
C0203,กิตติ แสงทอง,เจ้าของรถ,ชลบุรี,Facebook
C0204,นพดล ใจดี,อู่ซ่อมรถ,ขอนแก่น,Line OA
C0205,อภิสิทธิ์ คำดี,เจ้าของรถ,ภูเก็ต,Mobile App
C0206,สมชาย วงศ์ทอง,อู่ซ่อมรถ,นครราชสีมา,Mobile App
C0207,ภาณุ ใจดี,ศูนย์บริการ,กรุงเทพมหานคร,Facebook
C0208,วรพล พรหมมา,ศูนย์บริการ,ฉะเชิงเทรา,Website
C0209,ธนา เจริญผล,เจ้าของรถ,ฉะเชิงเทรา,Website
C0210,เอกชัย ศรีสุข,ร้านอะไหล่,ฉะเชิงเทรา,Mobile App
C0211,ศุภชัย สุขใจ,ร้านอะไหล่,ขอนแก่น,Website
C0212,กิตติ แสงทอง,เจ้าของรถ,ระยอง,Mobile App
C0213,นพดล วงศ์ทอง,เจ้าของรถ,ภูเก็ต,Facebook
C0214,อนันต์ แสงทอง,เจ้าของรถ,กรุงเทพมหานคร,Mobile App
C0215,วรพล ใจดี,เจ้าของรถ,เชียงใหม่,Line OA
C0216,ศุภชัย คำดี,ร้านอะไหล่,เชียงใหม่,Mobile App
C0217,เอกชัย วงศ์ทอง,เจ้าของรถ,กรุงเทพมหานคร,Line OA
C0218,อนันต์ ใจดี,เจ้าของรถ,ฉะเชิงเทรา,Website
C0219,ศุภชัย พรหมมา,เจ้าของรถ,ขอนแก่น,Line OA
C0220,นพดล ศรีสุข,เจ้าของรถ,ชลบุรี,Mobile App
C0221,กิตติ พรหมมา,เจ้าของรถ,นครราชสีมา,Mobile App
C0222,สมชาย วงศ์ทอง,อู่ซ่อมรถ,กรุงเทพมหานคร,Line OA
C0223,อภิสิทธิ์ เจริญผล,เจ้าของรถ,เชียงใหม่,Website
C0224,อภิสิทธิ์ พรหมมา,เจ้าของรถ,ฉะเชิงเทรา,Website
C0225,ภาณุ วัฒนชัย,เจ้าของรถ,นครราชสีมา,Facebook
C0226,สมชาย แสงทอง,เจ้าของรถ,ระยอง,Mobile App
C0227,ธีรภัทร คำดี,เจ้าของรถ,เชียงใหม่,Facebook
C0228,เอกชัย สุขใจ,ร้านอะไหล่,ภูเก็ต,Facebook
C0229,ธีรภัทร ศรีสุข,เจ้าของรถ,กรุงเทพมหานคร,Facebook
C0230,กิตติ คำดี,เจ้าของรถ,กรุงเทพมหานคร,Mobile App
C0231,ศุภชัย วัฒนชัย,อู่ซ่อมรถ,ชลบุรี,Mobile App
C0232,วรพล คำดี,อู่ซ่อมรถ,ภูเก็ต,Line OA
C0233,ภาณุ วัฒนชัย,เจ้าของรถ,กรุงเทพมหานคร,Website
C0234,อนันต์ แสงทอง,เจ้าของรถ,นครราชสีมา,Facebook
C0235,สมศักดิ์ เจริญผล,เจ้าของรถ,เชียงใหม่,Line OA
C0236,กิตติ วัฒนชัย,เจ้าของรถ,เชียงใหม่,Line OA
C0237,นพดล ใจดี,ศูนย์บริการ,เชียงใหม่,Facebook
C0238,ภาณุ ใจดี,ร้านอะไหล่,นครราชสีมา,Facebook
C0239,พีรพล สุขใจ,ศูนย์บริการ,กรุงเทพมหานคร,Mobile App
C0240,กิตติ พรหมมา,เจ้าของรถ,กรุงเทพมหานคร,Facebook
C0241,วรพล บุญมี,เจ้าของรถ,ขอนแก่น,Facebook
C0242,พีรพล ใจดี,เจ้าของรถ,นครราชสีมา,Mobile App
C0243,อนันต์ วัฒนชัย,อู่ซ่อมรถ,ระยอง,Mobile App
C0244,กิตติ เจริญผล,เจ้าของรถ,ชลบุรี,Website
C0245,พีรพล ใจดี,เจ้าของรถ,เชียงใหม่,Facebook
C0246,สมชาย ศรีสุข,เจ้าของรถ,กรุงเทพมหานคร,Website
C0247,สมศักดิ์ สุขใจ,อู่ซ่อมรถ,ขอนแก่น,Line OA
C0248,วรพล ศรีสุข,เจ้าของรถ,ชลบุรี,Mobile App
C0249,อภิสิทธิ์ วัฒนชัย,ร้านอะไหล่,ภูเก็ต,Mobile App
C0250,ศุภชัย สุขใจ,อู่ซ่อมรถ,ภูเก็ต,Website
